Potency,pIC50,Outcome,is_active,ID,SMILES
71.5685890453825,4.145277544695305,Inactive,0,,Cc1ccnc(NC(=O)C2CCOc3ccc(Cl)cc32)c1N
69.5447932876528,4.157735379418694,Inactive,0,,Cc1ccnc(N)c1NC(=O)C1CCOc2ccc(Cl)cc21
24.4132571565715,4.612374274218304,Inactive,0,,CC1(n2cc(CNCC3(C(=O)Nc4cncc5ccccc45)CCOc4ccc(Cl)cc43)cn2)CCS(=O)(=O)C1
11.6714685790764,4.932874494797676,Inactive,0,,O=C(Nc1cncc2ccccc12)C1(CNCc2cnn(C3CCS(=O)(=O)C3)c2)CCOc2ccc(Cl)cc21
11.5240061883109,4.938396517178456,Inactive,0,,COc1ccc(CNCC2(C(=O)Nc3cncc4ccccc34)CCOc3ccc(Cl)cc32)cc1OCC(N)=O
28.1092605178634,4.551150579409837,Inactive,0,,O=C(Nc1cncc2ccccc12)c1ccnc2cc(Cl)c(Cl)cc12
43.9987144366107,4.3565600126329596,Inactive,0,,O=C(CCl)N1CCCN(S(=O)(=O)c2ccc(F)cc2)CC1
23.9366000986946,4.620937535768978,Inactive,0,,O=C(Cc1cccc(Cl)c1)Nc1cncc2cnoc12
11.7582471215303,4.929657416541123,Inactive,0,,CNC(=O)COc1ccc(CNCC2(C(=O)Nc3cncc4ccccc34)CCOc3ccc(Cl)cc32)cc1OC
12.0942129343058,4.917422389345098,Inactive,0,,Cn1cc(CNCC2(C(=O)Nc3cncc4ccccc34)CCOc3ccc(Cl)cc32)n2ncc(C#N)c12
28.8275830417378,4.540191768143815,Inactive,0,,CN(C)S(=O)(=O)N1Cc2ccc(Cl)cc2C(C(=O)Nc2cnccc2C(F)(F)F)C1
32.3310877455653,4.490379683759929,Inactive,0,,CNc1cncc(NC(=O)C2CCOc3ccc(Cl)cc32)c1C
14.2891089719782,4.844994851728131,Inactive,0,,O=C1c2ccccc2C(=O)N1CCNCC1(C(=O)Nc2cncc3ccccc23)CCOc2ccc(Cl)cc21
12.0979597416791,4.917287865025866,Inactive,0,,COc1cc(CNCC2(C(=O)Nc3cncc4ccccc34)CCOc3ccc(Cl)cc32)cc(OC)c1OCC(N)=O
14.3306861035561,4.843733016591113,Inactive,0,,O=C(Nc1cncc2ccccc12)C1(CNCc2cnc(N3CCOCC3)nc2)CCOc2ccc(Cl)cc21
80.8699121413771,4.092213028714978,Inactive,0,,O=C1OC2(CCOc3ccc(Cl)cc32)C(=O)N1c1cncc2ccccc12
11.097363035501,4.95478020636506,Inactive,0,,O=C(Nc1cncc2ccccc12)C12CCC(O1)c1ccc(Cl)cc12
10.495939498078,4.9789786813722445,Inactive,0,,CNCC1(C(=O)Nc2cncc3ccccc23)CCOc2ccc(Cl)cc21
11.5330756041869,4.938054860978628,Inactive,0,,CN(C)CC1(C(=O)Nc2cncc3ccccc23)CCOc2ccc(Cl)cc21
72.8492434370476,4.137574954159215,Inactive,0,,O=S(=O)(Nc1ccccc1)c1cc2c(cc1OCc1ccccc1)OCO2
31.398692270522,4.503088439554908,Inactive,0,,O=C(O)CC1(C(=O)Nc2cncc3ccccc23)CCOc2ccc(Cl)cc21
24.9397469337591,4.603107957667001,Inactive,0,,O=C(Nc1cncc2ccccc12)C1CCOc2c(OCc3cccnc3)cc(Cl)cc21
21.8158142685698,4.661228572466436,Inactive,0,,O=C(Cc1cccc(Cl)c1)Nc1cncc2[nH]ncc12
68.9520443122952,4.161452853195345,Inactive,0,,O=C(Cc1cccc(Cl)c1)NC1COCc2ccccc21
21.5515545541569,4.666521397895721,Inactive,0,,COc1ccncc1NC(=O)Cc1cccc(Cl)c1
22.9226567408969,4.639735048962697,Inactive,0,,CC(C)(C)Oc1ccncc1NC(=O)Cc1cccc(Cl)c1
11.3460157722443,4.945156617052481,Inactive,0,,O=C(Cc1cccc(Cl)c1)Nc1cnn2ccccc12
76.0415338327822,4.1189491315699405,Inactive,0,,O=C(Cc1cccc(Cl)c1)Nc1cncc2nccnc12
37.9977889365768,4.420241673924807,Inactive,0,,O=C(Cc1cccc(Cl)c1)Nc1cncc2c1NCCC2
65.9490931686178,4.1807911718321416,Inactive,0,,N#Cc1ncc(NC(=O)Cc2cccc(Cl)c2)c2ccccc12
14.4523301984097,4.840062124483682,Inactive,0,,CC(C)(C)c1ccc(N(C(=O)c2cocn2)C(C(=O)NCCc2c[nH]cn2)c2cccnc2)cc1
51.0900009516602,4.2916640892280755,Inactive,0,,CC(C)(C)c1ccc(N(C(=O)c2ccns2)C(C(=O)NCCc2cccc(F)c2)c2cccnc2)cc1
28.4188225697659,4.546393919443255,Inactive,0,,Cc1cnnn1-c1ccc(N(C(=O)c2cocn2)C(C(=O)NCCc2cccc(F)c2)c2cccnc2)cc1
76.4583333075356,4.116575173270032,Inactive,0,,CC(C)(C)c1ccc(N(C(=O)c2ccc(O)c(=O)o2)C(C(=O)NCCc2cccc(F)c2)c2cccnc2)cc1
76.6101308203456,4.11571379605341,Inactive,0,,O=C(NCCc1cccc(F)c1)C(c1cccnc1)N(C(=O)c1cocn1)c1ccc(N2CCCC2=O)cc1
39.2414620334616,4.406254820322765,Inactive,0,,CC(C)(C)c1ccc(N(C(=O)c2coc(CS(C)(=O)=O)n2)C(C(=O)NCCc2cccc(F)c2)c2cccnc2)cc1
32.434483068324,4.488993019341999,Inactive,0,,CC(C)(C)c1cnc(N(C(=O)c2cocn2)C(C(=O)NCCc2cccc(F)c2)c2cccnc2)o1
61.0432085404329,4.21436264715699,Inactive,0,,CN1CCCN(c2ccc(N(C(=O)c3cocn3)C(C(=O)NCCc3cccc(F)c3)c3cccnc3)cc2)C1=O
51.2490629731775,4.290314070746327,Inactive,0,,CC(C)(C)c1cc(N(C(=O)c2cocn2)C(C(=O)NCCc2cccc(F)c2)c2cccnc2)no1
13.1737877164944,4.880289339095346,Inactive,0,,CC(C)(C)c1ccc(N(C(=O)c2cnsn2)C(C(=O)NCCc2cccc(F)c2)c2cccnc2)cc1
53.7666366521782,4.269487129769579,Inactive,0,,O=C1CC(c2ccc(N(C(=O)c3cocn3)C(C(=O)NCCc3cccc(F)c3)c3cccnc3)cc2)CC(=O)N1
27.8339708498058,4.555424831928922,Inactive,0,,O=C(NCCc1cccc(F)c1)C(c1cccnc1)N(C(=O)c1cocn1)c1ccc(N2CCCS2(=O)=O)cc1
33.2475886573389,4.478239847226652,Inactive,0,,Cc1nnn(-c2ccc(N(C(=O)c3cocn3)C(C(=O)NCCc3cccc(F)c3)c3cccnc3)cc2)n1
45.1025785713487,4.345798628248526,Inactive,0,,O=C(NCCc1cccc(F)c1)C(c1cccnc1)N(C(=O)c1cocn1)c1ccc(-n2cc[nH]c2=O)cc1
67.8374830751673,4.168530273764962,Inactive,0,,CC(C)(c1ccc(N(C(=O)c2cocn2)C(C(=O)NCCc2cccc(F)c2)c2cccnc2)cc1)S(C)(=O)=O
21.5732763348394,4.666083893558158,Inactive,0,,O=C(NCC1(C(=O)Nc2cncc3ccccc23)CCOc2ccc(Cl)cc21)C1COCCN1CC(F)(F)F
15.6482071023667,4.805535414676882,Inactive,0,,CS(=O)(=O)CC1(C(=O)Nc2cncc3ccccc23)CCOc2ccc(Cl)cc21
36.5305283241835,4.437344046741865,Inactive,0,,O=C(Nc1cncc2ccccc12)C1CCOc2c(OCc3ccccc3)cc(Cl)cc21
15.1754239421511,4.818859167589435,Inactive,0,,C#CCCCC(=O)NC(CC)C(=O)NC(C(=O)NC(CC(C)C)C(=O)NC(CCC(N)=O)C(=O)COC(=O)c1c(C)cccc1C)C(C)(C)C
40.9555384442711,4.387687360005107,Inactive,0,,CC(C)(C)c1ccc(N(C(=O)c2ccco2)C(C(=O)N2CCOCC2)c2cccnc2)cc1
33.419823305515,4.475995850601893,Inactive,0,,COc1nc2ncc(C(C(=O)NCCc3cccc(F)c3)N(C(=O)c3cocn3)c3ccc(C(C)(C)C)cc3)cn2n1
94.8614877084905,4.022910068609704,Inactive,0,,COc1nccnc1C(C(=O)NCCc1cccc(F)c1)N(C(=O)c1cocn1)c1ccc(C(C)(C)C)cc1
30.7002550534679,4.512858016449407,Inactive,0,,CNC(=O)C1(CC(=O)Nc2cncc3ccccc23)CCOc2ccc(Cl)cc21
94.0794493601215,4.026505233153146,Inactive,0,,COC(OC)C(=O)N1CCN(Cc2cccc(Cl)c2)CC1
53.01526059317,4.2755990995043565,Inactive,0,,O=CC(=O)N1CCN(Cc2cccc(Cl)c2)CC1
11.8429306789785,4.926540812797782,Inactive,0,,CCN(Cc1ccc(F)cc1)c1cc(Cl)cc(CC(=O)Nc2cncc3ccccc23)c1
11.9118261313644,4.924021654303907,Inactive,0,,O=C(Cc1cc(Cl)cc(NCc2ccc(Br)cc2)c1)Nc1cncc2ccccc12
21.3015932015531,4.671587913332753,Inactive,0,,N#CCCN1CCN(C(=O)CC2(C(=O)Nc3cncc4ccccc34)CCOc3ccc(Cl)cc32)CC1
25.2804303733105,4.597215536910105,Inactive,0,,CC(C)(C)c1ccc(N(C(=O)c2cocn2)C(C(=O)NCc2cccnc2)c2cccnc2)cc1
29.218966003156,4.534335156884581,Inactive,0,,CN(C)C(=O)CNC(=O)C(c1cccnc1)N(C(=O)c1cocn1)c1ccc(C(C)(C)C)cc1
14.3758225491766,4.842367296666267,Inactive,0,,CC(C)(C)c1ccc(N(C(=O)c2cocn2)C(C(=O)NCC(=O)Nc2cccc([N+](=O)[O-])c2)c2cccnc2)cc1
10.755315549433,4.968376843354884,Inactive,0,,COC(=O)CNC(=O)C(c1cccnc1)N(C(=O)c1cocn1)c1ccc(C(C)(C)C)cc1
62.8701692340309,4.201555370613597,Inactive,0,,Cc1ccc(S(=O)(=O)CNC(=O)C(c2cccnc2)N(C(=O)c2cocn2)c2ccc(C(C)(C)C)cc2)cc1
82.5461556128514,4.083303148143199,Inactive,0,,CC(C)(C)c1ccc(N(C(=O)c2cocn2)C(C(=O)NCCN2CCOCC2)c2cccnc2)cc1
11.383488223709,4.9437246373980575,Inactive,0,,COCCCNCC1(C(=O)Nc2cncc3ccccc23)CCOc2ccc(Cl)cc21
11.3094104721024,4.946560033039687,Inactive,0,,Cn1c(=O)ccn(CC(=O)NC(C(=O)Nc2cncc3ccccc23)c2cccc(Cl)c2)c1=O
18.7281197092005,4.727505823314045,Inactive,0,,N#Cc1ccc(C(=O)NCC(=O)NC(C(=O)Nc2cncc3ccccc23)c2cccc(Cl)c2)cc1
21.239836906775,4.672848822372093,Inactive,0,,N#Cc1cn(CC(=O)NC(C(=O)Nc2cncc3ccccc23)c2cccc(Cl)c2)c(=O)[nH]c1=O
18.2857156246282,4.737888038566542,Inactive,0,,O=C(Cn1nnc(-c2ccccc2)n1)NC(C(=O)Nc1cncc2ccccc12)c1cccc(Cl)c1
13.6449983563873,4.865026512307163,Inactive,0,,O=C(Cn1cnc(C(F)(F)F)n1)NC(C(=O)Nc1cncc2ccccc12)c1cccc(Cl)c1
10.2511787022772,4.989226195636151,Inactive,0,,O=C(Cc1ccc(-n2cnnn2)cc1)NC(C(=O)Nc1cncc2ccccc12)c1cccc(Cl)c1
14.5316267968552,4.837685764273931,Inactive,0,,CC1CN(CCO)CCN1C(=O)CC1(C(=O)Nc2cncc3ccccc23)CCOc2ccc(Cl)cc21
37.6021301491232,4.424787551726443,Inactive,0,,CN(CCO)C1CCN(C(=O)CC2(C(=O)Nc3cncc4ccccc34)CCOc3ccc(Cl)cc32)CC1
63.5332089850502,4.196999208425109,Inactive,0,,CN1C(=O)CCc2cc(N(C(=O)c3cocn3)C(C(=O)NCCc3cccc(F)c3)c3cccnc3)ccc21
66.1095484714624,4.179735809062329,Inactive,0,,CC(C)S(=O)(=O)c1ccc(N(C(=O)c2cocn2)C(C(=O)NCCc2cccc(F)c2)c2cccnc2)cc1
48.0239731921095,4.318541912083512,Inactive,0,,Cn1ncc2cc(N(C(=O)c3cocn3)C(C(=O)NCCc3cccc(F)c3)c3cccnc3)ccc21
75.9031200777507,4.119740371605181,Inactive,0,,CS(=O)(=O)c1ccc(N(C(=O)c2cocn2)C(C(=O)NCCc2cccc(F)c2)c2cccnc2)cc1
27.6584027011477,4.558172904418609,Inactive,0,,CS(=O)(=O)Cc1ccc(N(C(=O)c2cocn2)C(C(=O)NCCc2cccc(F)c2)c2cccnc2)cc1
77.5608938838158,4.110357194351305,Inactive,0,,O=C(NCCc1cccc(F)c1)C(c1cccnc1)N(C(=O)c1cocn1)c1ccc2nc(C(F)(F)F)[nH]c2c1
22.1784063885424,4.654069662944602,Inactive,0,,COc1ccc(N(C(=O)c2cocn2)C(C(=O)NCCc2cccc(F)c2)c2cccnc2)cc1
23.7763064981952,4.623855609432939,Inactive,0,,Cn1ccc2cc(N(C(=O)c3cocn3)C(C(=O)NCCc3cccc(F)c3)c3cccnc3)ccc21
60.4763825168941,4.21841419468836,Inactive,0,,O=C(NCCc1cccc(F)c1)C(c1cccnc1)N(C(=O)c1cocn1)c1ccc2ncsc2c1
50.1942931711597,4.2993456570614,Inactive,0,,Cc1ccc(N(C(=O)c2cocn2)C(C(=O)NCCc2cccc(F)c2)c2cccnc2)cc1
89.2137756521297,4.049568080289997,Inactive,0,,O=C(NCCc1cccc(F)c1)C(c1cccnc1)N(C(=O)c1cocn1)c1ccccc1
24.4656931654475,4.611442475237608,Inactive,0,,O=C(NCCc1cccc(F)c1)C(c1cccnc1)N(C(=O)c1cocn1)c1ccc2c(c1)CCC(=O)N2CC(F)F
27.312900042631,4.5636321846773615,Inactive,0,,O=C(NCCc1cccc(F)c1)C(c1cccnc1)N(C(=O)c1cocn1)c1cn(Cc2ccccc2)cn1
83.960185803809,4.07592660899531,Inactive,0,,O=C(NCCc1cccc(F)c1)C(c1cccnc1)N(C(=O)c1cocn1)c1ccc2scnc2c1
36.4204777334505,4.438654361790944,Inactive,0,,O=C(NCCc1cccc(F)c1)C(c1cccnc1)N(C(=O)c1cocn1)c1ccc(C(F)(F)F)nc1
69.1091170425532,4.160464655663596,Inactive,0,,O=C(NCCc1cccc(F)c1)C(c1cccnc1)N(C(=O)c1cocn1)c1cnc(C2CCC2)nc1
15.4629986497337,4.8107062820379465,Inactive,0,,CCOc1ccc(N(C(=O)c2cocn2)C(C(=O)NCCc2cccc(F)c2)c2cccnc2)cc1
20.7301185120813,4.683398215079519,Inactive,0,,CN1C(=O)CC(O)(C(=O)Nc2cncc3ccccc23)c2cc(Cl)ccc21
10.3447053694596,4.985281874088634,Inactive,0,,Cn1nc(C(=O)NC(C)(C(=O)Nc2cncc3ccccc23)c2ccc(Cl)c(Cl)c2)cc1C#N
12.2665191077669,4.911278660317995,Inactive,0,,CC(NC(=O)COc1ccc(C(N)=O)cc1)(C(=O)Nc1cncc2ccccc12)c1ccc(Cl)c(Cl)c1
19.3084171320908,4.7142533274103995,Inactive,0,,O=C(Nc1cncc2ccccc12)C(CO)c1ccc(Cl)c(Cl)c1
13.0449641871548,4.884557108847577,Inactive,0,,Cn1cnc2cncc(NC(=O)C3CCOc4ccc(Cl)cc43)c21
13.9998917346762,4.853875322837085,Inactive,0,,O=C(Cc1ccccc1)Nc1cncc2ccccc12
23.6888055533983,4.6254568368984215,Inactive,0,,O=C(Cc1ccc(Cl)cc1)Nc1cncc2ccccc12
58.3563005554756,4.233912247609085,Inactive,0,,Cc1ccc(CC(=O)Nc2cncc3ccccc23)cc1
72.5426043048705,4.13940685715189,Inactive,0,,COc1ccc(CC(=O)Nc2cncc3ccccc23)cc1
30.4520094539693,4.516384044049944,Inactive,0,,COc1cccc(CC(=O)Nc2cncc3ccccc23)c1
23.5559554363504,4.627899275958983,Inactive,0,,O=C(Cc1cccc(Cl)c1F)Nc1cncc2ccccc12
13.1917655694162,4.879697075132911,Inactive,0,,O=C(Cc1cccc(F)c1F)Nc1cncc2ccccc12
24.8160468242601,4.605267400079366,Inactive,0,,O=C(Cc1ccc(C(F)(F)F)cc1)Nc1cncc2ccccc12
12.2352188632882,4.912388257593906,Inactive,0,,O=C(Cc1ccc(Cl)cn1)Nc1cncc2ccccc12
52.5959657269536,4.279047566297118,Inactive,0,,O=C(Cc1ccncc1Cl)Nc1cncc2ccccc12
24.7445180162835,4.606521001133773,Inactive,0,,O=C(Cc1ccccc1F)Nc1cncc2ccccc12
29.5343989779257,4.52967186256568,Inactive,0,,Cc1ccccc1CC(=O)Nc1cncc2ccccc12
34.9853947485592,4.456113221475899,Inactive,0,,COc1ccccc1CC(=O)Nc1cncc2ccccc12
20.7559002851557,4.6828584243960085,Inactive,0,,O=C1CC(O)(C(=O)Nc2cncc3ccccc23)c2cc(Cl)ccc2N1
26.1619737288461,4.582329494781567,Inactive,0,,CC(C)(C)c1ccc(N(C(=O)c2cc(C3(O)COC3)on2)C(C(=O)NCCc2cccc(F)c2)c2cccnc2)cc1
10.4905361420152,4.979202315660719,Inactive,0,,CC(C)(C)c1ccc(N(C(=O)c2cn(CCN3CCOCC3)nn2)C(C(=O)NCCc2cccc(F)c2)c2cccnc2)cc1
44.0091689160607,4.356456832722599,Inactive,0,,CCOC(=O)Cn1cc(C(=O)N(c2ccc(C(C)(C)C)cc2)C(C(=O)NCCc2cccc(F)c2)c2cccnc2)nn1
92.0648573310229,4.035906115511888,Inactive,0,,Cn1nc(C(=O)N2CCOCC2)cc1C(=O)N(c1ccc(C(C)(C)C)cc1)C(C(=O)NCCc1cccc(F)c1)c1cccnc1
19.5123421676394,4.709690596857162,Inactive,0,,CC(C)(C)c1ccc(N(C(=O)c2cn(C3COCC3=O)nn2)C(C(=O)NCCc2cccc(F)c2)c2cccnc2)cc1
18.7712162773202,4.726507586440176,Inactive,0,,CC(C)(C)c1ccc(N(C(=O)c2cc(CO)[nH]n2)C(C(=O)NCCc2cccc(F)c2)c2cccnc2)cc1
24.1983985657837,4.616213374393801,Inactive,0,,CC(C)(C)c1ccc(N(C(=O)c2cncs2)C(C(=O)NCCc2cccc(F)c2)c2cccnc2)cc1
17.6000934008283,4.7544850274496735,Inactive,0,,Cn1ncc(C(=O)N(c2ccc(C(C)(C)C)cc2)C(C(=O)NCCc2cccc(F)c2)c2cccnc2)n1
15.9177746369786,4.798117648309078,Inactive,0,,CC(C)(C)c1ccc(N(C(=O)c2c[nH]c(=O)[nH]2)C(C(=O)NCCc2cccc(F)c2)c2cccnc2)cc1
74.1510131536458,4.1298829106634924,Inactive,0,,Cn1cnc(C(=O)N(c2ccc(C(C)(C)C)cc2)C(C(=O)NCCc2cccc(F)c2)c2cccnc2)n1
39.7009452090415,4.401199153332998,Inactive,0,,CC(C)(C)c1ccc(N(C(=O)c2cc(=O)[nH][nH]2)C(C(=O)NCCc2cccc(F)c2)c2cccnc2)cc1
49.1501397208653,4.308475243245588,Inactive,0,,Cc1ccncc1NC(=O)CN1CCC(C)CC1
21.3950102628657,4.669687500855446,Inactive,0,,O=C(Cc1cc(Cl)cc(-c2nnn[nH]2)c1)Nc1cncc2ccccc12
99.0,4.00436480540245,Inactive,0,,O=C(NCCc1cccc(F)c1)C(c1cccnc1)N(C(=O)c1cnc[nH]1)C1CCN(c2ccccc2F)C1
99.0,4.00436480540245,Inactive,0,,O=C(NCCc1cccc(F)c1)C(c1cccnc1)N(C(=O)c1cnc[nH]1)C1CCN(c2ccccc2)C1
25.8154409880476,4.58812045178895,Inactive,0,,O=C(NCCc1cccc(F)c1)C(c1cccnc1)N(C(=O)c1cnc[nH]1)c1ccc(OC2CCOC2)cc1
99.0,4.00436480540245,Inactive,0,,CC(c1ccccc1)N(C(=O)c1cnc[nH]1)C(C(=O)NCCc1cccc(F)c1)c1cccnc1
99.0,4.00436480540245,Inactive,0,,Cc1ccccc1C(C)N(C(=O)c1cnc[nH]1)C(C(=O)NCCc1cccc(F)c1)c1cccnc1
99.0,4.00436480540245,Inactive,0,,O=C(NCCc1cccc(F)c1)C(c1cccnc1)N(C(=O)c1cnc[nH]1)C1CCCC2(CCC2)C1
25.6758159959137,4.590475745320119,Inactive,0,,O=C(Nc1c[n+]([O-])cc2ccccc12)C1CCOc2ccc(Cl)cc21
78.2094424667852,4.106740810064721,Inactive,0,,O=C1C(c2ccc(Cl)cc2)CCCN1c1cncc2ccccc12
20.9058364465061,4.679732451560838,Inactive,0,,O=C1CC(C(=O)N2CCN(c3cccc(Cl)c3)CC2)c2ccccc2N1
99.0,4.00436480540245,Inactive,0,,O=C(NCCc1cccc(F)c1)C(c1cccnc1)N(Cc1ccccc1)C(=O)c1c[nH]cn1
99.0,4.00436480540245,Inactive,0,,O=C(NCCc1cccc(F)c1)C(c1cccnc1)N(Cc1cccnc1)C(=O)c1c[nH]cn1
99.0,4.00436480540245,Inactive,0,,O=C(NCCc1cccc(F)c1)C(c1cccnc1)N(C(=O)c1c[nH]cn1)C1CCCCCC1
99.0,4.00436480540245,Inactive,0,,CC(C)S(=O)(=O)c1ccc(N(C(=O)c2c[nH]cn2)C(C(=O)NCCc2cccc(F)c2)c2cccnc2)cc1
22.1334497786516,4.654950890498054,Inactive,0,,O=C(NCCc1cccc(F)c1)C(c1cccnc1)N(C(=O)c1c[nH]cn1)c1ccc(OC(F)F)cc1
93.7197064670285,4.028169080296473,Inactive,0,,COc1ccc(N(C(=O)c2c[nH]cn2)C(C(=O)NCCc2cccc(F)c2)c2cccnc2)cc1
41.1150967010396,4.385998683960614,Inactive,0,,CS(=O)(=O)Cc1ccc(N(C(=O)c2c[nH]cn2)C(C(=O)NCCc2cccc(F)c2)c2cccnc2)cc1
62.8710673345657,4.201549166760078,Inactive,0,,COCc1ccc(N(C(=O)c2c[nH]cn2)C(C(=O)NCCc2cccc(F)c2)c2cccnc2)cc1
99.0,4.00436480540245,Inactive,0,,COc1ccccc1CN(C(=O)c1c[nH]cn1)C(C(=O)NCCc1cccc(F)c1)c1cccnc1
99.0,4.00436480540245,Inactive,0,,CCOc1ccc(N(C(=O)c2c[nH]cn2)C(C(=O)NCCc2cccc(F)c2)c2cccnc2)cn1
99.0,4.00436480540245,Inactive,0,,COc1cc(N(C(=O)c2c[nH]cn2)C(C(=O)NCCc2cccc(F)c2)c2cccnc2)ccc1S(=O)(=O)N(C)C
99.0,4.00436480540245,Inactive,0,,O=C(NCCc1cccc(F)c1)C(c1cccnc1)N(C(=O)c1c[nH]cn1)C1CCC2OCCC2C1
99.0,4.00436480540245,Inactive,0,,O=C(NCCc1cccc(F)c1)C(c1cccnc1)N(C(=O)c1c[nH]cn1)C1CCC2(CCO2)CC1
99.0,4.00436480540245,Inactive,0,,O=C(NCCc1cccc(F)c1)C(c1cccnc1)N(C(=O)c1c[nH]cn1)c1ccc2ncsc2c1
99.0,4.00436480540245,Inactive,0,,O=C(NCCc1cccc(F)c1)C(c1cccnc1)N(C(=O)c1c[nH]cn1)c1ccc2c(c1)COCC2
99.0,4.00436480540245,Inactive,0,,Cn1ncc2cc(N(C(=O)c3c[nH]cn3)C(C(=O)NCCc3cccc(F)c3)c3cccnc3)ccc21
99.0,4.00436480540245,Inactive,0,,Cn1cnc2cc(N(C(=O)c3c[nH]cn3)C(C(=O)NCCc3cccc(F)c3)c3cccnc3)ccc21
99.0,4.00436480540245,Inactive,0,,Cn1ccc2cc(N(C(=O)c3c[nH]cn3)C(C(=O)NCCc3cccc(F)c3)c3cccnc3)ccc21
99.0,4.00436480540245,Inactive,0,,Cc1nc2ccc(N(C(=O)c3c[nH]cn3)C(C(=O)NCCc3cccc(F)c3)c3cccnc3)cc2o1
99.0,4.00436480540245,Inactive,0,,O=C(NCCc1cccc(F)c1)C(c1cccnc1)N(C(=O)c1c[nH]cn1)c1cnc(C2CCC2)nc1
99.0,4.00436480540245,Inactive,0,,O=C(NCCc1cccc(F)c1)C(c1cccnc1)N(C(=O)c1c[nH]cn1)c1ccc2c(c1)CCCS2(=O)=O
47.7649783613839,4.32089041466341,Inactive,0,,O=C(NCCc1cccc(F)c1)C(c1cccnc1)N(C(=O)c1c[nH]cn1)c1ccc2c(c1)CCC(=O)N2CC(F)F
99.0,4.00436480540245,Inactive,0,,CN1C(=O)CCc2cc(N(C(=O)c3c[nH]cn3)C(C(=O)NCCc3cccc(F)c3)c3cccnc3)ccc21
99.0,4.00436480540245,Inactive,0,,O=C(NCCc1cccc(F)c1)C(c1cccnc1)N(C(=O)c1c[nH]cn1)c1cccc(C2COC2)c1
22.6971238146488,4.644029173228352,Inactive,0,,O=C(NCCc1cccc(F)c1)C(c1cccnc1)N(C(=O)c1c[nH]cn1)c1ccc(C2COC2)cc1
35.4776839816408,4.4500447390890026,Inactive,0,,O=C(NCCc1cccc(F)c1)C(c1cccnc1)N(C(=O)c1c[nH]cn1)c1ccc(Cn2cccn2)cc1
99.0,4.00436480540245,Inactive,0,,O=C(NCCc1cccc(F)c1)C(c1cccnc1)N(C(=O)c1c[nH]cn1)c1cccc(Oc2cccnn2)c1
14.7443805057112,4.83137346988079,Inactive,0,,CC1CN(C(=O)c2cc(=O)[nH]c3ccccc23)CCN1c1cccc(Cl)c1
11.3881755887077,4.943545845299322,Inactive,0,,O=C(Nc1cncc2ccccc12)N1CCOc2ccc(Cl)cc21
15.821231423339,4.800759716821417,Inactive,0,,O=C(c1cc(=O)[nH]c2ccccc12)N1CCN(c2cccc(Cl)c2)C(=O)C1
26.2744066398215,4.580467082948094,Inactive,0,,C=CC(=O)N(c1ccc(I)cc1)C(C(=O)Nc1ccc(Cl)cc1)c1cncnc1
87.1704808920427,4.0596305581420795,Inactive,0,,Nc1nn(C(=O)C2CCOc3ccc(Cl)cc32)c2ccncc12
37.4742492333521,4.426267059135546,Inactive,0,,CC(C)(C)c1ccc(N(C(=O)c2ccco2)C(C(=O)NCCc2cccc(F)c2)c2cnc3ccccn23)cc1
18.2038870169188,4.739835868621642,Inactive,0,,CC(C)(C)c1ccc(N(C(=O)c2cn3ccccc3n2)C(C(=O)NCCc2cccc(F)c2)c2cccnc2)cc1
10.9306371139744,4.961354523592894,Inactive,0,,CN(C)C(=O)CNC(=O)C(c1cccnc1)N(C(=O)c1ccco1)c1ccc(C(C)(C)C)cc1
11.2085795544034,4.950449421372167,Inactive,0,,CC(C)(C)c1ccc(N(C(=O)c2ccco2)C(C(=O)Nc2ccccc2)c2cccnc2)cc1
62.7027513065601,4.2027134025338455,Inactive,0,,COc1ccc(N(C(=O)c2ccco2)C(C(=O)NCCc2cccc(F)c2)c2cccnc2)cc1NC(=O)C1CCCCC1
43.0300953085258,4.3662276919857455,Inactive,0,,O=C(NCCc1cccc(F)c1)C(c1cccnc1)N(C(=O)c1ccco1)c1ccc(-c2n[nH]c3c2COCC3)cc1
16.6406317542108,4.778830189934748,Inactive,0,,COC(=O)CCSc1cc(Cl)ccc1N(C(=O)c1ccco1)C(C(=O)NCCc1cccc(F)c1)c1cccnc1
12.0753434624764,4.918100507637579,Inactive,0,,O=C(NCCc1cccc(F)c1)C(c1cccnc1)N(Cc1c(O)ccc2c1CCCC2)C(=O)c1ccco1
54.89068116021,4.260501379852653,Inactive,0,,CSc1ccc(CN(C(=O)c2ccco2)C(C(=O)NCCc2cccc(F)c2)c2cccnc2)cc1C#N
30.4976776389087,4.5157332303911595,Inactive,0,,COc1ccc(N(C(=O)c2ccco2)C(C(=O)NCCc2cccc(F)c2)c2cccnc2)cc1
56.2819512358489,4.249630854444959,Inactive,0,,CC(=O)c1ccc(N(C(=O)c2ccco2)C(C(=O)NCCc2cccc(F)c2)c2cccnc2)cc1
10.3951776243351,4.9831680853984555,Inactive,0,,N#Cc1ccc(N(C(=O)c2ccco2)C(C(=O)NCCc2cccc(F)c2)c2cccnc2)cc1
79.6127987176393,4.099017108573495,Inactive,0,,O=C(NCCc1cccc(F)c1)C(c1cccnc1)N(C(=O)c1ccco1)C1CCN(c2ccccc2)CC1
32.5061024206567,4.488035100595453,Inactive,0,,Nc1cncc2c1CCCN2C(=O)Cc1cccc(Cl)c1
24.5600847569785,4.609770138775798,Inactive,0,,Cc1ccncc1NC(=O)N(CCC1CCCCC1)c1cc(Cl)cc(OC(C)C)c1
75.2573815369256,4.123450896351622,Inactive,0,,Cc1ccn2cnnc2c1NC(=O)Cc1cccc(Cl)c1
53.7587644021632,4.269550721715561,Inactive,0,,O=C(Cc1cccc(Cl)c1)NC1CC(=O)c2ccccc21
61.502193910527,4.211109391765376,Inactive,0,,COc1ccc2c(NC(=O)C3CCOc4ccc(Cl)cc43)noc2c1
70.2526422607212,4.153337336936461,Inactive,0,,O=C(Nc1n[nH]c2ccncc12)C1CCOc2ccc(Cl)cc21
25.9776427916361,4.585400259307254,Inactive,0,,Cc1cc(C(F)(F)F)nc2n[nH]c(NC(=O)C3CCOc4ccc(Cl)cc43)c12
96.4820045672596,4.01555368195086,Inactive,0,,COc1ccccc1OCCC(=O)Nc1cncc2ccccc12
27.3389013417572,4.563218942248063,Inactive,0,,COc1cccc(CN2CCN(C(=O)c3cc(=O)[nH]c4ccccc34)CC2)c1
34.1673366064665,4.466388873767718,Inactive,0,,O=C(c1cc(=O)[nH]c2ccccc12)N1CCN(Cc2cccc(C(F)(F)F)c2)CC1
40.6503980473087,4.3909351974523645,Inactive,0,,O=C(Cc1cccc(Cl)n1)Nc1cncc2ccccc12
40.7111309604709,4.390286832696274,Inactive,0,,O=C(Nc1cncc2ccccc12)C1(CCC2CC2)CCOc2ccc(Cl)cc21
44.4815602697578,4.351819987508246,Inactive,0,,CC(CCc1ccco1)NC(=O)Nc1cn(C)c(=O)c2ccccc12
29.6429810673398,4.528078123364962,Inactive,0,,CC(C)Cn1cc(NC(=O)NCc2ccco2)c2ccccc2c1=O
27.6581201096714,4.5581773417155524,Inactive,0,,Cc1noc(C)c1CCNC(=O)Nc1cn(CC(C)C)c(=O)c2ccccc12
15.9360966541782,4.79761804486861,Inactive,0,,CN(C)c1ccc(N(Cc2ccn[nH]2)C(=O)Cn2nnc3ccccc32)cc1
23.9245321229901,4.621156546691786,Inactive,0,,Cc1noc(COc2cc(Cl)cc(CC(=O)Nc3cnccc3C)c2)n1
20.6463997946966,4.685155667281701,Inactive,0,,Cc1ccncc1NC(=O)Cc1cc(Cl)cc(OCc2nnc(C3CCCCC3)o2)c1
71.4886533715913,4.1457628836416065,Inactive,0,,COc1ccc(-c2cc(COc3cc(Cl)cc(CC(=O)Nc4cnccc4C)c3)on2)cc1
24.9602678738497,4.602750758111789,Inactive,0,,CCC(=O)Nc1ccc(N(Cc2cscn2)C(=O)Cn2nnc3ccccc32)cc1
50.9204838311659,4.293107478462859,Inactive,0,,O=C(Nn1nnc2ccccc21)C(Cc1cccc(Cl)c1)c1ccc(N2CCCCC2=O)cc1
39.4352117028288,4.404115823377995,Inactive,0,,O=C1CCCCN1c1ccc(N(Cc2ccccc2)C(=O)Cc2n[nH]c3ccccc23)cc1
71.6880958870563,4.144552954789393,Inactive,0,,CC(=O)N1CCN(CC(=O)Nc2cncc3ccccc23)CC1
23.7122950305224,4.625026410135872,Inactive,0,,COC(=O)C(C(=O)Nc1cnccc1C)c1cccc(Cl)c1
13.260878543169,4.877427702642311,Inactive,0,,O=C(Cc1cccc(Cl)c1)Nc1cncc2nc[nH]c12
11.6228762710328,4.9346863853653,Inactive,0,,O=C(Cn1nnc2ccccc21)N(Cc1ccsc1)c1ccc(N2CCOCC2)cc1
19.761051641457,4.704189946897753,Inactive,0,,O=C(Cn1nnc2ccccc21)N(Cc1ccccc1)c1ccc(N2CCOCC2)cc1
12.7033086203346,4.896083150822547,Inactive,0,,COC(=O)c1ccc(-c2cc(Cl)cc(CC(=O)Nc3cnccc3C)c2)c(OC)c1
31.5625341311681,4.500828134898611,Inactive,0,,CCc1cc(F)ccc1-c1cc(Cl)cc(CC(=O)Nc2cnccc2C)c1
31.9195200835421,4.4959436469778336,Inactive,0,,Cc1ccncc1NC(=O)Cc1cc(Cl)cc(-c2ccc(C)c(F)c2F)c1
19.2678988431931,4.715165642405266,Inactive,0,,Cc1ccncc1NC(=O)Cc1cc(Cl)cc(-c2cnn(C)c2C(F)F)c1
22.7683429872964,4.6426685749034915,Inactive,0,,Cc1ccncc1NC(=O)Cc1cc(Cl)cc(C=C(c2ccccc2)C(F)(F)F)c1
19.7024998044106,4.70547866813353,Inactive,0,,Cc1ccncc1NC(=O)Cc1cc(Cl)cc(NC2CCCC2O)c1
23.0317714669393,4.637672657401405,Inactive,0,,Cc1ccncc1NC(=O)Cc1cc(Cl)cc(NC2CCC(F)(F)C2O)c1
25.3164231365994,4.59659765417483,Inactive,0,,Cc1ccncc1NC(=O)Cc1cc(Cl)cc(NC2CC2C(F)(F)F)c1
14.7270755104771,4.831883486406552,Inactive,0,,Cc1ccncc1NC(=O)Cc1cc(Cl)cc(NC2(C)CCC(F)(F)CC2)c1
36.5317412118329,4.437329627523391,Inactive,0,,Cc1ccncc1NC(=O)Cc1cc(Cl)cc(NCC(C)(C)C#N)c1
11.1724691059171,4.95185083757593,Inactive,0,,O=C(COc1cccc(Cl)c1)Nc1cncc2ccccc12
20.7934211073791,4.68207405103291,Inactive,0,,O=C(CCc1cccc(Cl)c1)Nc1cncc2ccccc12
15.7308966623793,4.803246521850655,Inactive,0,,N#Cc1ncn(CC(=O)Nc2ccc(Br)cc2Cl)n1
19.5089876933868,4.7097652652329645,Inactive,0,,CC(C)c1ccncc1NC(=O)Cc1cccc(Cl)c1
34.3682484253434,4.46384260107756,Inactive,0,,CN(C(=O)Cc1cccc(Cl)c1)c1cncc2ccccc12
65.3053608779243,4.1850511662878995,Inactive,0,,OC(Cc1cccc(Cl)c1)Cn1cncn1
85.8740204655224,4.066138203747178,Inactive,0,,O=C(Cc1cc(Cl)cc(OC2CCC(=O)N2)c1)Nc1cncc2ccccc12
67.1123602063983,4.1731974876538205,Inactive,0,,O=C(Cc1cccc(Cl)c1)Nc1cncc2ncccc12
43.7142909815475,4.359376561203271,Inactive,0,,CC1CCNC(=O)C1NC(=O)Cc1cccc(Cl)c1
93.8839238811251,4.027408767344558,Inactive,0,,Cn1cncc1NC(=O)Cc1cccc(Cl)c1
11.8845465740254,4.925017383069598,Inactive,0,,O=C(Cc1cccc(Cl)c1)Nc1cncc2c1OCCC2
83.2810282152651,4.0794539215203445,Inactive,0,,O=C(Cc1cc(Cl)cc(OC2CC(=O)N2)c1)Nc1cc(=O)[nH]c2ccccc12
37.0307548055458,4.431437435545952,Inactive,0,,Cc1ccncc1NC(=O)Cc1cc(Cl)cc(OCc2ncn[nH]2)c1
41.3300365217479,4.383734210948957,Inactive,0,,CC(=O)NCc1cc(Cl)cc(CC(=O)Nc2cnccc2C)c1
51.489236676764,4.288283546501112,Inactive,0,,CNC(=O)c1cc(Cl)cc(CC(=O)Nc2cnccc2C)c1
16.5862090330616,4.780252865582593,Inactive,0,,Cc1ccncc1NC(=O)Cc1cc(Cl)cc(CNS(C)(=O)=O)c1
14.6132551725431,4.835253032114518,Inactive,0,,Cc1ccncc1NC(=O)Cc1cc(Cl)cc(S(N)(=O)=O)c1
23.0520465897136,4.637290511351869,Inactive,0,,CCCCc1nc(-c2nccn2CC(F)(F)F)c[nH]1
21.7432931923489,4.662674677961276,Inactive,0,,CCCCc1nc(-c2nccn2CCc2ccccn2)c[nH]1
14.3421475927193,4.8433858125570906,Inactive,0,,CCCCc1nc(-c2nccn2Cc2ccoc2)c[nH]1
21.6513749569535,4.664514518836851,Inactive,0,,O=C(Cc1cccc(Cl)c1)Nc1nncc2ccccc12
40.8917363574677,4.388364447908456,Inactive,0,,O=C(Cc1cccc(Cl)c1)Nc1cnccc1-c1ccccc1
15.7999881042112,4.801343240025158,Inactive,0,,Cc1ccncc1NC(=O)C(C(=O)c1cc(=O)[nH]c2ccccc12)c1cccc(Cl)c1
57.7127722621655,4.238728063635479,Inactive,0,,CN(C)c1cncc(CN(C(=O)c2cc(=O)[nH]c3ccccc23)c2cccc(Cl)c2)c1
82.1185141893301,4.0855589171340405,Inactive,0,,O=C1CC(Oc2cc(Cl)cc(CC(=O)Nn3cnc4ccccc43)c2)N1
36.7822826346147,4.43436132281799,Inactive,0,,COc1cc(Cl)cc(CC(=O)Nc2cnccc2C)c1
19.0908832386134,4.7191739785323366,Inactive,0,,Cc1ccncc1NC(=O)Cc1cc(Cl)cc(C2COC2)c1
15.9533573095944,4.797147907741655,Inactive,0,,Cc1ccncc1NC(=O)Cc1cc(Cl)cc(OC2COC2)c1
21.7971619825337,4.661600048393582,Inactive,0,,Cc1ccncc1NC(=O)Cc1cc(Cl)cc(NS(C)(=O)=O)c1
11.2565912024338,4.9485931055864505,Inactive,0,,Cc1ccncc1NC(=O)Cc1cc(Cl)cc(NS(N)(=O)=O)c1
13.6719871340003,4.864168358979193,Inactive,0,,O=C(Nc1cnccc1CO)C1CCOc2ccc(Cl)cc21
68.8611797518784,4.162025541094867,Inactive,0,,O=C(Nc1nncn1C1CC1)C1CCS(=O)(=O)c2ccccc21
38.3737944050524,4.415965255591834,Inactive,0,,O=C(Cc1cncc2ccccc12)Nc1cc(Cl)cc(OC2CCC(=O)N2)c1
54.6063912992571,4.262756523164224,Inactive,0,,Cc1[nH]ncc1CC(=O)Nc1cccc(Cl)c1
11.4797690157034,4.940066850284267,Inactive,0,,C=CC(=O)N(c1ccc(C(C)(C)C)cc1)C(C(=O)NCCc1cccc(F)c1)c1cncc(Cl)c1
11.6180539881968,4.934866609722289,Inactive,0,,C=CC(=O)N(c1ccc(C(C)(C)C)cc1)C(C(=O)NCCc1cccc(F)c1)c1cncc(C)c1
23.9215056444618,4.621211488876658,Inactive,0,,C=CC(=O)N(c1ccc(C(F)(F)F)cc1)C(C(=O)NCCc1cccc(F)c1)c1cncc(Cl)c1
24.3092059734736,4.614229226552416,Inactive,0,,C=CC(=O)N(c1ccc(C(F)(F)F)cc1)C(C(=O)NCCc1cccc(F)c1)c1cncc(C)c1
11.1257312439675,4.953671435197961,Inactive,0,,C=CC(=O)N(c1ccc(C(F)(F)F)cc1)C(C(=O)NCCc1cccc(F)c1)c1cncc(C#N)c1
20.1202664368014,4.696366272559128,Inactive,0,,C=CC(=O)N(c1ccc(C(F)(F)F)cc1)C(C(=O)NCCc1cccc(F)c1)c1cccnc1
18.1606601875142,4.740868367787238,Inactive,0,,O=C(Cc1cccc(Cl)c1)Nc1cnccc1C(F)(F)F
38.7739102129072,4.411460399708347,Inactive,0,,COc1ccc2nnn(CC(=O)N(Cc3ccccn3)c3ccc(C4CCNCC4)cc3)c2c1
27.5289190388588,4.560210841446319,Inactive,0,,COc1ccc(S(=O)(=O)N2CCN(C(=O)CCl)CC2)cc1
10.6210178459059,4.973833861439258,Inactive,0,,COc1ccccc1OCCNC(=O)c1cc(=O)[nH]c2cccc(C)c12
19.6916117921927,4.705718734658901,Inactive,0,,N#Cc1cccc(CN2CCN(C(=O)CCl)CC2)c1
19.2632619727773,4.715270169089745,Inactive,0,,O=C(CCl)N1CCCc2cc(NCc3ccc(F)cc3Cl)ccc21
198.0,3.7033348097384686,Inactive,0,,O=C1C(=O)N(Cc2ccc(Br)cc2)c2ccccc21
59.9331319543654,4.222333026575869,Inactive,0,,Cc1ccncc1NC(=O)CN1C(=O)COc2ccc(Cl)cc21
99.03,4.0042332209500255,Inactive,0,,Cc1ccncc1NC(=O)CC(C)C(C)C
32.9741466986078,4.481826434261687,Inactive,0,,COc1ccccc1OCC(C)NC(=O)c1cc(=O)[nH]c2cc(F)ccc12
16.4413907069583,4.78406145012849,Inactive,0,,COc1ccccc1OCC(C)NC(=O)c1cc(=O)[nH]c2ccc(F)cc12
42.3575881065483,4.373068777125426,Inactive,0,,O=C(Nc1cnccc1CO)C1COc2ccc(Cl)cc21
81.673116505125,4.08792087216765,Inactive,0,,Cc1ccncc1N1CCN(c2cccc(Cl)c2)C1=O
88.3422842953824,4.053831375237763,Inactive,0,,O=C(Cc1cccnc1)Nc1cccc(OC2CC(=O)N2)c1
34.3199073353597,4.464453893428119,Inactive,0,,Cc1cc(NC(=O)Cc2cncnc2)cc(OC2CC(=O)N2)c1
24.9466748468068,4.602987333484322,Inactive,0,,O=C(Cc1cncnc1)Nc1cc(F)cc(OC2CC(=O)N2)c1
12.126216700727,4.91627467500184,Inactive,0,,O=C(CCl)N1CCCN(S(=O)(=O)c2cc(F)ccc2F)CC1
15.6408761855788,4.805738921870572,Inactive,0,,O=C(CCl)N1CCCN(S(=O)(=O)c2ccccc2F)CC1
20.1983860339707,4.6946833317684336,Inactive,0,,O=C(CCl)N1CCCN(S(=O)(=O)c2c(F)cccc2F)CC1
17.2367639001554,4.763544267062744,Inactive,0,,O=C(CCl)N1CCCN(S(=O)(=O)c2cccc(F)c2)CC1
29.8595914518367,4.524916138721734,Inactive,0,,Cc1ccncc1CC(=O)Nc1cccc(Cl)c1
85.0199239771583,4.070479287704763,Inactive,0,,Cc1ccncc1N1CCC(c2cccc(Cl)c2)S1(=O)=O
14.6738706575817,4.833455313320813,Inactive,0,,COc1ccc(N2CCN(C(=O)c3cc(=O)[nH]c4ccccc34)CC2)cc1
32.7591022474999,4.484668008447005,Inactive,0,,COc1ccccc1N1CCN(C(=O)c2cc(=O)[nH]c3ccccc23)CC1
16.5026189867518,4.782447127226373,Inactive,0,,O=C(c1cc(=O)[nH]c2ccccc12)N1CCN(c2ccc(F)cc2)CC1
23.9995998649817,4.619795999033356,Inactive,0,,O=C(c1cc(=O)[nH]c2ccccc12)N1CCN(c2ccccc2F)CC1
58.4540931399392,4.233185072768176,Inactive,0,,Cc1ccncc1NC(=O)CCc1cccc(F)c1
53.1652610098348,4.274372049653904,Inactive,0,,Cc1ccncc1NC(=O)Cc1cccc(-c2cn[nH]c2)c1
53.4912889111895,4.2717169373401065,Inactive,0,,Cc1nnc(C2Cc3ccccc3CN2C(=O)CCl)o1
44.721152845521,4.349487009504574,Inactive,0,,Cc1ccncc1N1CCC(c2cccc(Cl)c2)C1=O
12.91844908314,4.888789622181815,Inactive,0,,O=C(CCl)N1CCN(Cc2cc(O)cc(Cl)c2)CC1
53.717306778232,4.269885769656957,Inactive,0,,O=C(Cc1cccc(Cl)c1)Nc1cccnc1
24.7824039514023,4.6058565683315935,Inactive,0,,CCCCOc1ccc(Cl)cc1CC(=O)Nc1cnccc1C
22.9100709517503,4.639973565812526,Inactive,0,,Cc1ccncc1NC(=O)N(Cc1ccccc1)c1cccc(Cl)c1
87.1939010151352,4.059513891765902,Inactive,0,,O=C(Cn1cnc2ccccc21)Nc1cccc(Cl)c1
14.1625652028387,4.848858077681565,Inactive,0,,Cc1nnn(NC(=O)Cc2cccc(Cl)c2)c1C
45.2867094312226,4.344029234357449,Inactive,0,,O=C(Cc1cccc(Cl)c1)Nc1nnn[nH]1
46.4360480992792,4.333144747626522,Inactive,0,,Cc1ccncc1NC(=O)Cc1cncc(Cl)c1
11.5701415774751,4.936661326792414,Inactive,0,,Cc1ccncc1NC(=O)Cc1cc(C#N)cc(OC2CC(=O)N2)c1
77.1348411851102,4.112749410320367,Inactive,0,,Cc1ccncc1NC(=O)C(C)c1cc(Cl)cc(OC2CC(=O)N2)c1
95.8330784284157,4.018484560865627,Inactive,0,,Cc1ccncc1NC(=O)Cc1cccc(F)c1
17.3103456122319,4.761694261068176,Inactive,0,,CCCC(C(=O)Nc1cnccc1C)c1cccc(Cl)c1
20.5939440724842,4.686260471017582,Inactive,0,,Cc1ccncc1NC(=O)Cc1cccc(Br)c1
96.9383202483582,4.013504510022681,Inactive,0,,Cc1ccncc1NC(=O)C(C)(C)c1cccc(Cl)c1
21.0262152497193,4.677238893936946,Inactive,0,,Cc1ccc(S(=O)(=O)N2CCN(C(=O)CCl)CC2)cc1
99.03,4.0042332209500255,Inactive,0,,C=CC(=O)N(c1ccc(C(C)(C)C)cc1)C(C(=O)Nc1ccc(OC)cc1C)c1cccnc1
99.03,4.0042332209500255,Inactive,0,,C=CC(=O)N(c1ccc(C2(C)CC2)cc1)C(C(=O)Nc1cccc(CC)c1)c1cccnc1
82.4142683892735,4.083997592352883,Inactive,0,,C=CC(=O)N(c1ccc(C2(C)CC2)cc1)C(C(=O)Nc1ccc(Br)cc1)c1cccnc1
37.8323685211715,4.422136468554594,Inactive,0,,CN(C(=O)Cn1nnc2ccccc21)c1ccc(Oc2ccc(C(F)(F)F)cn2)cc1
35.7085529921464,4.4472277482462745,Inactive,0,,C=CC(=O)N(c1ccc(C(C)(C)C)cc1)C(C(=O)NC)c1cccnc1
25.4680750268351,4.594003879410815,Inactive,0,,C=CC(=O)N(c1ccc(C(C)(C)C)cc1)C(C(=O)NCCCSC)c1cccnc1
20.1619451628661,4.695467570800557,Inactive,0,,C=CC(=O)N(c1ccc(C(C)(C)C)cc1)C(C(=O)NCCSC)c1cccnc1
23.3347750379225,4.631996381633757,Inactive,0,,C=CC(=O)N(c1ccc(C(C)(C)C)cc1)C(C(=O)NCc1ccc(F)cc1)c1cccnc1
55.7779893422194,4.253537145023672,Inactive,0,,C=CC(=O)N(c1ccc(C(C)(C)C)cc1)C(C(=O)NCCOC)c1cccnc1
49.8615755502403,4.302234002567814,Inactive,0,,C=CC(=O)N(c1ccc(C(C)(C)C)cc1)C(C(=O)NCc1cccnc1)c1cccnc1
45.490007175617,4.342083994664205,Inactive,0,,C=CC(=O)N(c1ccc(C(C)(C)C)cc1)C(C(=O)NCC)c1cccnc1
90.5004515688197,4.0433492537963724,Inactive,0,,C=CC(=O)N(c1ccc(C(C)(C)C)cc1)C(C(=O)NCC1CCCO1)c1cccnc1
33.3240661657904,4.477242011898398,Inactive,0,,C=CC(=O)N(c1ccc(C(C)(C)C)cc1)C(C(=O)NCc1ccccc1)c1cccnc1
36.0680676361585,4.442877124591358,Inactive,0,,C=CC(=O)N(c1ccc(C(C)(C)C)cc1)C(C(=O)Nc1ccc2c(c1)OCO2)c1cccnc1
65.5840093517116,4.183202037100937,Inactive,0,,C=CC(=O)N(c1ccc(C(C)(C)C)cc1)C(C(=O)NC(C)(C)C)c1cncc(Cl)c1
70.328583055413,4.152868132443189,Inactive,0,,O=C(CCl)Nc1cccc(N2CCCC2=O)c1
99.0,4.00436480540245,Inactive,0,,C=CC(=O)N(c1ccc(C(C)(C)C)cc1)C(C(=O)NC(C)(C)C)c1cccnc1
52.2610865837861,4.281821564902671,Inactive,0,,O=C(CCl)N1CCN(C2(c3cccc(Cl)c3)CC2)CC1
29.7544228748228,4.526448469015741,Inactive,0,,O=C(CCl)N1CCN(Cc2cnc(Cc3ccccc3)s2)CC1
99.01,4.004320939488378,Inactive,0,,C=CC(=O)N(c1cc(C(C)(C)C)on1)C(C(=O)Nc1cccc(CC)c1)c1cccnc1
66.3870347492245,4.1779167291661405,Inactive,0,,C=CC(=O)N(c1ccc(C(C)OC)cc1)C(C(=O)Nc1cccc(CC)c1)c1cccnc1
99.0,4.00436480540245,Inactive,0,,C=CC(=O)N(c1cc(C(C)(C)C)on1)C(C(=O)NC(C)(C)C)c1cccnc1
45.9956728166022,4.33728302397643,Inactive,0,,C=CC(=O)N(c1ccc(C(F)(F)F)cc1)C(C(=O)Nc1ccc(OC)cc1)c1cccnc1
59.0215327740357,4.228989516173539,Inactive,0,,C=CC(=O)N(c1ccc2ncsc2c1)C(C(=O)Nc1cccc(CC)c1)c1cccnc1
97.7888349071212,4.009710728188183,Inactive,0,,C=CC(=O)N(c1ccc(C(F)(F)F)cc1)C(C(=O)Nc1c(C)cccc1CC)c1cccnc1
27.5248950634011,4.560274328068207,Inactive,0,,O=C(c1cc(=O)[nH]c2ccccc12)N1CCN(c2ccccc2)CC1
37.4070562914493,4.427046466799955,Inactive,0,,O=C(CCl)N1CCN(Cc2cc(O)ccc2O)CC1
33.5410302443085,4.474423601761343,Inactive,0,,Cc1ccc(S(=O)(=O)NC2CCN(C(=O)CCl)CC2)cc1
14.2164854520191,4.847207755044237,Inactive,0,,Cc1ccc(C)c(S(=O)(=O)N2CCN(C(=O)CCl)CC2)c1
18.1752175723666,4.740520381574142,Inactive,0,,O=C(CCl)N1CCC(c2nc(-c3cccnc3)nc3ccccc23)CC1
19.5400656389408,4.709073981733832,Inactive,0,,NS(=O)(=O)c1ccc2c(c1)CN(CC1CCN(C(=O)CCl)CC1)CC2
12.1132386806886,4.9167397253042155,Inactive,0,,O=C(NCc1ccc(Cl)cc1CN1CCN(C(=O)CCl)CC1)C1CCCOC1
40.1854334103738,4.395931343331663,Inactive,0,,CS(=O)(=O)N1CCc2ccc(CN3CCN(C(=O)CCl)CC3)cc2C1
20.2707244565286,4.693130729755415,Inactive,0,,CC(CCc1ccccc1)N1CCN(C(=O)CCl)CC1
14.724751238932,4.831952033482913,Inactive,0,,Cc1cccc(CC2CCN(C(=O)CCl)CC2)c1
20.726390543875,4.683476322766922,Inactive,0,,O=C(CCl)N1CCN(C(c2ccccc2)C2CCOCC2)CC1
35.6886848625696,4.447469455615437,Inactive,0,,Cn1nncc1CC(=O)NC(c1ccccc1)c1nc2ccccc2n1C
99.0,4.00436480540245,Inactive,0,,Cc1ccncc1NC(=O)CN(C)S(=O)(=O)c1cccc2cccnc12
99.03,4.0042332209500255,Inactive,0,,O=C(CCl)NC(CO)c1cccc(Cl)c1
27.9438320218487,4.553714038027561,Inactive,0,,CC(NC(=O)CCl)c1cc(F)cc(Cl)c1
78.4579695851566,4.1053629351737575,Inactive,0,,CCC(C)(C)CCN(Cc1ccsc1)C(=O)Cn1nnc2ccccc21
27.5566399208512,4.559773738607521,Inactive,0,,Cc1cc(C)nc(NC2CCN(C(=O)CCl)CC2)n1
24.1845155987681,4.616462606844426,Inactive,0,,O=C(Nc1cnccc1Cl)c1cc(Cl)ccc1O
39.068781630213,4.40817013214675,Inactive,0,,O=C(Nc1cccnc1)c1cc(Cl)ccc1-c1ccccc1
10.562354385868,4.976239265246978,Inactive,0,,CS(=O)(=O)N1CCN(C(=O)CCl)CC1c1ccccc1
13.878305297888,4.8576635630390115,Inactive,0,,O=C(CCl)Nc1nc2c(S(=O)(=O)NCCc3ccccc3)cccc2s1
17.3608297519836,4.760429521780716,Inactive,0,,CC(=O)NCCc1c[nH]c2c(CN3CCN(C(=O)CCl)CC3)cccc12
24.5666191954425,4.609654606067284,Inactive,0,,Cc1ccncc1NC(=O)Cc1cccc(Cl)c1
64.4136105144302,4.191022357069093,Inactive,0,,Cc1ccncc1NC(=O)Nc1cccc(Cl)c1
26.1796376915625,4.582036368084879,Inactive,0,,Cc1ccncc1NC(=O)C(C)c1cccc(Cl)c1
16.0655600611995,4.794104129916461,Inactive,0,,Cc1c(N)cncc1NC(=O)Cc1cccc(C#N)c1
61.3302720094334,4.212325109143682,Inactive,0,,Cc1ccncc1NC(=O)Cc1cccc(C#N)c1
54.9421036995899,4.260094715726665,Inactive,0,,Cc1ccncc1NC(=O)C(C)c1cccc(C#N)c1
99.01,4.004320939488378,Inactive,0,,Cc1ccncc1NC(=O)Nc1cccc(C#N)c1
99.01,4.004320939488378,Inactive,0,,N#Cc1cc(Cl)cc(NC(=O)Nc2cccnc2)c1
54.2729639849878,4.265416459843515,Inactive,0,,N#Cc1cccc(NC(=O)Nc2cncc(N)c2)c1
63.5549252040437,4.1968507880516635,Inactive,0,,N#Cc1cccc(NC(=O)Nc2c[nH]c3ncccc23)c1
26.6801291780371,4.573812072012877,Inactive,0,,N#Cc1cccc(NC(=O)Cc2cncc3ccccc23)c1
57.4696696866732,4.240561299015029,Inactive,0,,O=C(Cc1cncc2ccccc12)Nc1ccccc1
7.29510086983517,5.136968698710907,Active,1,,O=[N+]([O-])c1cnc(Sc2nnc(-c3ccco3)n2-c2ccc(OCc3ccccc3)cc2)s1
0.221232268882523,6.6551515266642935,Active,1,,c1ccc(-c2cc(Sc3nnc(-c4cccs4)o3)n3ncnc3n2)cc1
0.649330990296828,6.187533869276133,Active,1,,Cc1cc(C)c(C#N)c(Sc2ncnc3c2nnn3Cc2ccccc2)n1
4.16350789851685,5.380540607112557,Active,1,,CC(C)(C)c1ccc(-c2nnc(Sc3cnc([N+](=O)[O-])s3)o2)cc1
5.72029234102757,5.24258177560369,Active,1,,COC(=O)c1c(C)nn(C(=O)c2cccs2)c1-c1snnc1C
0.880806677614068,6.05511940152955,Active,1,,O=[N+]([O-])c1cnc(Sc2nnc(-c3ccc(Cl)cc3)o2)s1
4.65507654390049,5.33207317347527,Active,1,,CCOC(=O)c1cc(-c2ccccc2)sc1NC(=O)Cc1csc(-c2ccccc2)n1
2.40060245811437,5.619679753538134,Active,1,,CN1C(=O)NC2C(NC(c3ccc(C(F)(F)F)cc3)NN2C)C1=O
9.29258231297007,5.031863583268517,Active,1,,CC(C(=O)OC1CCCN(Cc2cccc(C(F)(F)F)c2)C1=O)n1cnc(C#N)n1
0.05,7.30102999566398,Active,1,,O=C(Oc1cncc(Cl)c1)c1cccc2[nH]ccc12
1.9797214324808,5.703395915217068,Active,1,,O=C(Nc1cnc2ccccn12)C1CCNc2cc(Cl)c(Cl)cc21
1.17008367822022,5.931783078689899,Active,1,,COc1cccc(C2=NC(=Cc3sccc3C)C(=O)O2)c1
0.0300604135864706,7.522005048463471,Active,1,,CC(C)CC(NC(=O)OCc1ccccc1)C(=O)NC(CC1CCNC1=O)C(O)S(=O)(=O)O
0.281743663714076,6.550145842255966,Active,1,,CCOC(=O)c1c(C)n(S(C)(=O)=O)c2ccc(N(C(=O)c3ccco3)S(C)(=O)=O)cc12
0.326702579740179,6.485847436193368,Active,1,,OCCn1c(CSc2nc3ccccc3o2)nc2ccc(Cl)cc21
1.14078610355593,5.942795777802287,Active,1,,CSC1=C(C#N)C2(CCCCC2)C(C#N)=C(NC(=O)CCl)N1
2.81797537437076,5.550062806408217,Active,1,,Cc1cc(C(=O)CCl)c(C)n1CC1COc2ccccc2O1
5.33746386623639,5.272665052060083,Active,1,,CNc1ccc(N(C(=O)Cn2nnc3ccccc32)c2cccc(Cl)c2)cc1
6.26234482950641,5.203263022086616,Active,1,,O=C(Nc1cccc(C(F)(F)F)c1)Nc1ccccc1Sc1ncc([N+](=O)[O-])s1
0.306662404548456,6.513339463332638,Active,1,,Cc1nc(CN2Cc3ccc(Cl)cc3C(C(=O)Nc3cncc4ccc(F)cc34)C2)c[nH]1
0.719126347692144,6.143194799068008,Active,1,,Cc1c(C(=O)CCl)c2ccccn2c1C(=O)c1ccc(F)cc1
1.87118266616579,5.727883814298205,Active,1,,COc1ccc(C2CC(c3cccs3)=NN2C(=O)CCl)cc1OC
0.397483464596546,6.400680933381962,Active,1,,O=S(=O)(Cc1ccccc1F)c1oc(-c2ccc(F)cc2)nc1S(=O)(=O)c1ccccc1
4.55767419091193,5.341256723944256,Active,1,,O=C1N(Cc2cccc(Cl)c2)CCN1c1nccc2[nH]ncc12
1.35010001793249,5.869634056966344,Active,1,,Cn1ccc(CN2Cc3ccc(Cl)cc3C(C(=O)Nc3cncc4ccc(F)cc34)C2)n1
0.750152738937616,6.12485030070936,Active,1,,Cc1n[nH]c(CN2Cc3ccc(Cl)cc3C(C(=O)Nc3cncc4ccccc34)C2)n1
4.8202652966143,5.316929058507009,Active,1,,Cc1nc2n(n1)CC(C(=O)NC(C)(C(=O)Nc1cncc3ccccc13)c1ccc(Cl)c(Cl)c1)CC2
7.14139523380415,5.1462169306403585,Active,1,,O=C(C1CCOc2cc(Cl)ccc21)N(Cc1c[nH]c(=O)[nH]c1=O)c1cncc2ccccc12
7.19030700780295,5.143252565952553,Active,1,,Cn1cc(C2=NOC(C(=O)NC(C(=O)Nc3cncc4ccccc34)c3cccc(Cl)c3)C2)cn1
2.39920425917854,5.619932776268162,Active,1,,CCOC(=O)c1ccc(NC(=O)CC2SC(=O)N(c3ccccc3)C2=O)cc1
0.329601887712951,6.482010309654016,Active,1,,CNC(=O)CN1CC(C(=O)Nc2cncc3ccc(S(C)(=O)=O)cc23)c2cc(Cl)ccc2C1=O
1.11626889815731,5.952231175542623,Active,1,,Cc1nc(CN2Cc3ccc(Cl)cc3C(C(=O)Nc3cncc4ccc(F)cc34)C2)cs1
3.48592645678533,5.457681779517828,Active,1,,Cn1nnc(CNC(=O)OC(C)(C)C)c1CNCC1(C(=O)Nc2cncc3ccccc23)CCOc2ccc(Cl)cc21
1.03845253495196,5.983613349181402,Active,1,,O=C(Nc1cncc2cnccc12)C1CCNc2cc(Cl)c(Cl)cc21
0.521020551424108,6.283145145809776,Active,1,,O=C(Nc1cncc2ccncc12)C1CCNc2cc(Cl)c(Cl)cc21
1.38413747648093,5.858820772370654,Active,1,,O=C1NC2(COc3ccc(Cl)cc32)C(=O)N1c1cncc2ccc(F)cc12
0.397156472415711,6.401038355407116,Active,1,,Cn1nncc1C(=O)N1Cc2ccc(Cl)cc2C(C(=O)Nc2cncc3ccccc23)C1
2.76965459297664,5.557574388956392,Active,1,,O=C(Nc1cncc2ccccc12)C(NCC1CCC(C(=O)N2CCCC2)O1)c1cccc(Cl)c1
9.8611344907795,5.006073118046386,Active,1,,O=C(Cc1cncc2ccccc12)N(CCC1CCCCC1)Cc1cccs1
0.443178538136843,6.353421279404233,Active,1,,Cc1ccccc1NC(=O)CC1SC(=O)N(c2ccccc2)C1=O
3.08902746566604,5.51017823021128,Active,1,,COC(=O)c1cnc(Cn2ccc(CNCC3(C(=O)Nc4cncc5ccccc45)CCOc4ccc(Cl)cc43)n2)cn1
8.43123350606527,5.074108882588983,Active,1,,O=C(O)CN1Cc2ccc(Cl)cc2C(C(=O)Nc2cncc3ccccc23)C1
0.217125208015633,6.6632897524711625,Active,1,,O=C(Nc1cncc2ccccc12)C1CN(S(=O)(=O)c2ncc[nH]2)Cc2ccc(Cl)cc21
0.155333975285508,6.808733543207488,Active,1,,Cn1nccc1C(=O)N1Cc2ccc(Cl)cc2C(C(=O)Nc2cncc3ccccc23)C1
0.223776946563692,6.650184656395137,Active,1,,Cn1cncc1C(=O)N1Cc2ccc(Cl)cc2C(C(=O)Nc2cncc3ccccc23)C1
1.99007714482579,5.701130087950715,Active,1,,NS(=O)(=O)c1[nH]ncc1C(=O)NCC1(C(=O)Nc2cncc3ccccc23)CCOc2ccc(Cl)cc21
1.78039855111307,5.7494827678178755,Active,1,,O=C(O)C(c1ccccc1)N1Cc2ccccc2C1=O
1.63084331612158,5.787587761959426,Active,1,,O=C(CCl)N1CCN(S(=O)(=O)C2=CC[SH]=C2)CC1
1.71512725254952,5.765703652280196,Active,1,,COC(=O)C1CCC(CNC(C(=O)Nc2cncc3ccccc23)c2cccc(Cl)c2)O1
8.54030298288858,5.068526721645596,Active,1,,O=C(Nc1cncc2ccccc12)C1(CNCc2cn(CC3CCCO3)nn2)CCOc2ccc(Cl)cc21
5.97631044991689,5.223566850418921,Active,1,,O=C(Nc1cncc2ccccc12)C1(CNCc2cn(CC3CCOC3)nn2)CCOc2ccc(Cl)cc21
0.0598600565754842,7.22286287703126,Active,1,,N#CC1(CS(=O)(=O)N2Cc3ccc(Cl)cc3C(C(=O)Nc3cncc4ccccc34)C2)CCC1
1.54999926592988,5.809668507508855,Active,1,,COC(=O)CN1Cc2ccc(Cl)cc2C(C(=O)Nc2cncc3ccccc23)C1
2.26478541539324,5.644972940373186,Active,1,,COCCN1Cc2ccc(Cl)cc2C(C(=O)Nc2cncc3ccccc23)C1
5.35848282460628,5.270958156981074,Active,1,,O=C(Nc1cncc2ccccc12)C1(CNc2c[nH]c(=O)[nH]c2=O)CCOc2cc(Cl)ccc21
4.98466083335619,5.302364386642791,Active,1,,Cc1nc2n(n1)CC(C(=O)NC(C(=O)Nc1cncc3ccccc13)c1cccc(Cl)c1)CC2
9.27784688449031,5.0325527990698635,Active,1,,NC(=O)C1Cc2[nH]cnc2CN1C(=O)CC1(C(=O)Nc2cncc3ccccc23)CCOc2ccc(Cl)cc21
2.86720295089814,5.542541565045967,Active,1,,CN1CCC(C(=O)NC(C)(C(=O)Nc2cncc3ccccc23)c2ccc(Cl)c(Cl)c2)C1
1.10393292635693,5.957057313018044,Active,1,,O=C1CC(Oc2cc(Cl)cc(OCCNC(=O)c3cc(=O)[nH]c4ccccc34)c2)N1
6.62351524077128,5.178911460033853,Active,1,,CC1(C(=O)Nc2cncc3ccc(S(C)(=O)=O)cc23)CNC(=O)c2ccc(Cl)cc21
2.74188670619666,5.561950494072447,Active,1,,CS(=O)(=O)c1ccc2cncc(NC(=O)C3CNC(=O)c4ccc(Cl)cc43)c2c1
0.0643076999490585,7.19173702326275,Active,1,,N#CC1(CS(=O)(=O)N2Cc3ccc(Cl)cc3C(C(=O)Nc3cncc4ccccc34)C2)CC1
0.115650778381089,6.936851439888828,Active,1,,CN1CCN(S(=O)(=O)N2Cc3ccc(Cl)cc3C(C(=O)Nc3cncc4ccccc34)C2)CC1
0.594022286255504,6.2261972610521,Active,1,,CNS(=O)(=O)c1ccc2cncc(NC(=O)C3(OC)CCOc4ccc(Cl)cc43)c2c1
0.135169220498344,6.869122190713591,Active,1,,O=C(Nc1cncc2ccccc12)C1CN(S(=O)(=O)CC2CNC2)Cc2ccc(Cl)cc21
0.167685166842976,6.775505352678105,Active,1,,Cc1nocc1C(=O)N1Cc2ccc(Cl)cc2C(C(=O)Nc2cncc3ccccc23)C1
0.0440039753329501,7.356508087441609,Active,1,,C#CCCCC(=O)NC(C(=O)NC(CC(C)C)C(=O)NN(CCC(N)=O)C(=O)C=CC(=O)OC)C(C)(C)C
0.504125229392672,6.2974615673667715,Active,1,,COc1cc(Cl)nc(Nc2cc(Cl)cc(CC(=O)Nc3cncc4ccccc34)c2)n1
0.638846026196399,6.194603802297107,Active,1,,O=C(Cc1cc(Cl)cc(N2CCN(C(=O)c3ccco3)CC2)c1)Nc1cncc2ccccc12
9.1763040992516,5.037332202513224,Active,1,,Cn1nnnc1C1=CCN(C(=O)CC2(C(=O)Nc3cncc4ccccc34)CCOc3ccc(Cl)cc32)CC1
1.60457755961468,5.7946392857990245,Active,1,,O=C(c1cncc2ccccc12)N1CCN(c2cccc(Cl)c2)CC1
3.24130452816033,5.489280164066034,Active,1,,COc1ccccc1OCCNC(=O)c1cncc2ccccc12
0.284634014246283,6.545713202225099,Active,1,,CN(C)c1ccc(N(Cc2ccsc2)C(=O)Cc2cncc3ccccc23)cc1
0.597852975081875,6.22340560524454,Active,1,,O=C(Nc1nncn1C1CC1)C1CCOc2ccc(Cl)cc21
2.27850420938138,5.642350164751307,Active,1,,CC(C)(C)c1ccc(N(C(=O)c2ccco2)C(C(=O)NCCc2cccc(F)c2)c2cc(=O)[nH]c3ccccc23)cc1
0.0593804212464374,7.226356725831344,Active,1,,COC1CN(S(=O)(=O)N2Cc3ccc(Cl)cc3C(C(=O)Nc3cncc4ccccc34)C2)C1
0.334993360882362,6.4749638000101,Active,1,,N#CCN1Cc2ccc(Cl)cc2C(C(=O)Nc2cncc3ccccc23)C1
0.21264044494308,6.672354127653589,Active,1,,COCCS(=O)(=O)N1Cc2ccc(Cl)cc2C(C(=O)Nc2cncc3ccccc23)C1
0.273807340288431,6.562554913382341,Active,1,,O=C(Nc1cncc2ccccc12)C1CN(S(=O)(=O)C2CNC2)Cc2ccc(Cl)cc21
0.069299488990796,7.159269967831134,Active,1,,CNC(=O)CN1Cc2ccc(Cl)cc2C(C(=O)Nc2cncc3ccccc23)C1
3.40819546244733,5.467475506091943,Active,1,,O=C(Nc1cncc2ccccc12)C1CN(CC(F)(F)F)Cc2ccc(Cl)cc21
0.918197839465401,6.037063733470845,Active,1,,O=C(Nc1cncc2ccccc12)C1CN(C(=O)c2ncco2)Cc2ccc(Cl)cc21
0.239324346128268,6.621013118973957,Active,1,,O=C(Nc1cncc2c1CCCC2)C1CCNc2cc(Cl)c(Cl)cc21
7.33262892412536,5.134740292405508,Active,1,,O=C(COCC(=O)N1CCCC1)NC(C(=O)Nc1cncc2ccccc12)c1cccc(Cl)c1
0.2421584932742,6.615900294251419,Active,1,,N#Cc1cc(Cl)cc2c1NCCC2C(=O)Nc1cncc2ccccc12
2.11226612725819,5.67525136534347,Active,1,,CC1Cn2nccc2CN1C(=O)CC1(C(=O)Nc2cncc3ccccc23)CCOc2ccc(Cl)cc21
4.09605934036077,5.387633760283065,Active,1,,CC(NC(=O)C1CCC(=O)NC1)(C(=O)Nc1cncc2ccccc12)c1ccc(Cl)c(Cl)c1
1.9861426306451,5.701989566778257,Active,1,,O=C(COCC1(C(=O)Nc2cncc3ccccc23)CCOc2ccc(Cl)cc21)Nc1ncc[nH]1
5.44560364628271,5.263953971607231,Active,1,,O=C(c1cncc2ccccc12)N1CCN(c2ccccc2)CC1
5.90361378109118,5.2288820621313885,Active,1,,CN(CC(=O)Nc1ccccc1Br)C(=O)CCl
0.137508891146919,6.861669220006763,Active,1,,O=C(Nc1cncc2ccccc12)C1CN(S(=O)(=O)N2CCOCC2)Cc2ccc(Cl)cc21
0.0506643189034405,7.295297791332218,Active,1,,N#CC1CN(S(=O)(=O)N2Cc3ccc(Cl)cc3C(C(=O)Nc3cncc4ccccc34)C2)C1
4.3567734690309,5.360835020671885,Active,1,,CN(CCO)c1ccc(CNCC2(C(=O)Nc3cncc4ccccc34)CCOc3ccc(Cl)cc32)cn1
0.257583230692998,6.589082414039538,Active,1,,CS(=O)(=O)N1Cc2cc(F)c(Cl)cc2C(C(=O)Nc2cncc3ccccc23)C1
0.2459342424649,6.609180998393422,Active,1,,O=C(Nc1cncc2ccccc12)C1CN(S(=O)(=O)C2COC2)Cc2ccc(Cl)cc21
0.236473466957296,6.626217581355246,Active,1,,CCOC(=O)N1Cc2ccc(Cl)cc2C(C(=O)Nc2cncc3ccccc23)C1
5.40617223103952,5.267110122566523,Active,1,,CN(C)C(=O)COCC(=O)NC(C(=O)Nc1cncc2ccccc12)c1cccc(Cl)c1
3.21187856845676,5.4932408824612455,Active,1,,Cc1ccc2nc(Nc3cc(Cl)cc(CC(=O)Nc4cncc5ccccc45)c3)sc2c1
4.35751379868075,5.360761228961189,Active,1,,COC(=O)C=CC(=O)N(C(=O)C1CCOc2ccc(Cl)cc21)c1cncc2ccccc12
0.436516103663582,6.3599997299578925,Active,1,,O=C(CC1(C(=O)Nc2cncc3ccccc23)CCOc2ccc(Cl)cc21)N1CCCCC1c1nc[nH]n1
7.97804137805834,5.098103715554907,Active,1,,O=C(CC1(C(=O)Nc2cncc3ccccc23)CCOc2ccc(Cl)cc21)N1CCCC1c1nnn[nH]1
0.0405493901190931,7.392015673386347,Active,1,,C=CC(=O)N(C(=O)C1COc2ccc(Cl)cc21)c1cncc2ccccc12
1.93745420034216,5.712768555027467,Active,1,,O=C(NCC1(C(=O)Nc2cncc3ccccc23)CCOc2ccc(Cl)cc21)C1(O)CCSC1
0.562748193686551,6.2496858903269485,Active,1,,CN1C(=O)N(c2cncc3ccccc23)C(=O)C12CCOc1ccc(Cl)cc12
1.4204296117065,5.84758028253581,Active,1,,CNC(=O)Nc1ccc(N(Cc2ccsc2)C(=O)Cn2nnc3ccccc32)cc1
3.78368589697231,5.422084923769635,Active,1,,COc1cccc(Oc2cc(Cl)cc(NC(=O)Cc3cncc4ccccc34)c2)n1
4.07314444816202,5.3900701880168,Active,1,,COc1cccc(CCN(C(=O)c2cc(=O)[nH]c3ccccc23)c2cccc(Cl)c2)c1
3.22879883713307,5.490959011856334,Active,1,,CCN(c1ccccc1)S(=O)(=O)c1ccc(OC)c(NC(=O)CCl)c1
2.51404313875924,5.5996272744764894,Active,1,,COC(=O)CCc1nocc1CNCC1(C(=O)Nc2cncc3ccccc23)CCOc2ccc(Cl)cc21
0.744089673300504,6.128374722689604,Active,1,,CS(=O)(=O)c1ccc2c(NC(=O)C3CCS(=O)(=O)c4ccc(Cl)cc43)cncc2c1
5.37454760386402,5.2696580860940685,Active,1,,Cn1cc(N2CCC(CNCC3(C(=O)Nc4cncc5ccccc45)CCOc4ccc(Cl)cc43)C2)cn1
0.11350396351663,6.944988972802603,Active,1,,NC(=O)CN1Cc2ccc(Cl)cc2C(C(=O)Nc2cncc3ccccc23)C1
0.203655002440072,6.691104917738863,Active,1,,N#CCC(=O)N1Cc2ccc(Cl)cc2C(C(=O)Nc2cncc3ccccc23)C1
0.680672312049196,6.167061914987898,Active,1,,COc1ncc(Br)cc1Nc1cc(Cl)cc(CC(=O)Nc2cncc3ccccc23)c1
3.65092449067349,5.437597149143658,Active,1,,CC(C)(C)OC(=O)N1CCC(NC(=O)C(c2cccnc2)N(C(=O)c2cocn2)c2ccc(C(C)(C)C)cc2)C1
4.80589118082366,5.318226067094925,Active,1,,CC(NC(=O)C1CCC1)C(=O)NC(C(=O)Nc1cncc2ccccc12)c1cccc(Cl)c1
3.78036306769605,5.422466488330773,Active,1,,O=C(CC1(C(=O)Nc2cncc3ccccc23)CCOc2ccc(Cl)cc21)N1CC2CC1CN2CC(F)F
1.47567498895495,5.831009283465671,Active,1,,CC1(C(=O)Nc2cncc3ccccc23)CNc2ccc(Cl)cc21
9.0510757047538,5.043299802576421,Active,1,,NC(=O)C12COC(CNC(=O)CC3(C(=O)Nc4cncc5ccccc45)CCOc4ccc(Cl)cc43)(C1)C2
0.803119953758729,6.095219583781294,Active,1,,O=C(Nc1cncc2ccccc12)C1CCN(Cc2ccn[nH]2)c2ccc(Cl)cc21
1.11673521507318,5.95204978862522,Active,1,,O=C(Nc1cncc2ccccc12)C1CCN(Cc2cnc[nH]2)c2ccc(Cl)cc21
1.97563074661534,5.704294223560564,Active,1,,O=C(Cc1cc(Cl)cc(Oc2cccc(=O)[nH]2)c1)Nc1cncc2ccccc12
1.43743815787051,5.842410830654554,Active,1,,O=C(Nc1cncc2cc(CN3CC4(CNC4)C3)ccc12)C1CCOc2ccc(Cl)cc21
9.57419130718763,5.018897898890224,Active,1,,Cc1nn(C)c(N2CCOCC2)c1CNCC1(C(=O)Nc2cncc3ccccc23)CCOc2ccc(Cl)cc21
0.950566791596229,6.022017362015203,Active,1,,CS(=O)(=O)N1Cc2ccc(Cl)cc2C(C(=O)Nc2cncc3cccc(F)c23)C1
0.232084453021105,6.6343539512859655,Active,1,,O=C(Nc1cncc2ccccc12)C1CN(S(=O)(=O)CCO)Cc2ccc(Cl)cc21
2.28759334622511,5.640621175327813,Active,1,,O=C(NC(C(=O)Nc1cncc2ccccc12)c1cccc(Cl)c1)C1CCCO1
2.19397719648801,5.658767890658705,Active,1,,O=C(Cc1cc(Cl)cc(Nc2ccc(C(F)(F)F)cn2)c1)Nc1cncc2ccccc12
2.34776259878291,5.629345820223035,Active,1,,O=C(CN1CCN(C2CC2)C1=O)NC(C(=O)Nc1cncc2ccccc12)c1cccc(Cl)c1
1.29163712524039,5.888859480645178,Active,1,,O=C1N(c2cncc3ccccc23)CCCC12CCNc1ccc(Cl)cc12
1.74571610372096,5.758026381828753,Active,1,,O=C(Nc1cncc2ccccc12)C(NCC1CC1)c1ccc(Cl)c(Cl)c1
8.45946993289067,5.07265684883246,Active,1,,O=C1NC(c2ccc(Cl)c(Cl)c2)C(=O)N1c1cncc2ccccc12
2.01088818281895,5.696612078053104,Active,1,,CN1Cc2ccc(Cl)cc2C(C(=O)Nc2cncc3ccccc23)C1
0.485865063914067,6.313484327721964,Active,1,,O=C1CC2(CCOc3ccc(Cl)cc32)C(=O)N1c1cncc2ccccc12
3.99495807547072,5.398487773968828,Active,1,,O=C(Nc1ccc(N(Cc2ccsc2)C(=O)Cn2nnc3ccccc32)cc1)C1CC1
2.74516472068115,5.561431591054845,Active,1,,COc1cc(CN2CCN(C(=O)CCl)CC2)c2ccccc2c1
2.1668874893559,5.664163637835885,Active,1,,O=C(CCl)N1CC2CC1CN2Cc1cccc(Cl)c1
0.0888407381790633,7.051387841549026,Active,1,,O=C(Nc1cncc2ccccc12)C1CN(S(=O)(=O)N2CCC2)Cc2ccc(Cl)cc21
0.148652333181323,6.8278282699113015,Active,1,,CNS(=O)(=O)N1Cc2ccc(Cl)cc2C(C(=O)Nc2cncc3ccccc23)C1
0.211369721647116,6.674957224518522,Active,1,,CCS(=O)(=O)N1Cc2ccc(Cl)cc2C(C(=O)Nc2cncc3ccccc23)C1
0.487229229830729,6.312266665421556,Active,1,,O=C(Nc1cncc2ccccc12)C1CN(C(=O)C2CC2)Cc2ccc(Cl)cc21
0.275265816977005,6.560247716757756,Active,1,,CN(C)C(=O)N1Cc2ccc(Cl)cc2C(C(=O)Nc2cncc3ccccc23)C1
1.39484882746924,5.8554728583068885,Active,1,,COc1cc(Br)ccc1Nc1cc(Cl)cc(CC(=O)Nc2cncc3ccccc23)c1
6.91259576397528,5.16035883912624,Active,1,,CC(C)(C)OC(=O)N1CC(NC(=O)C(c2cccnc2)N(C(=O)c2cocn2)c2ccc(C(C)(C)C)cc2)C1
5.05334496683302,5.296421053616457,Active,1,,Cn1ccnc1CN(C(=O)CC1(C(=O)Nc2cncc3ccccc23)CCOc2ccc(Cl)cc21)C1CC1
8.51800285027923,5.069662218939385,Active,1,,CC(NC(=O)c1cc2n(n1)CCO2)(C(=O)Nc1cncc2ccccc12)c1ccc(Cl)c(Cl)c1
6.16250556327173,5.210242675650271,Active,1,,O=C(Nc1cncc2c1CNCC2)C1CCOc2ccc(Cl)cc21
2.33427847396582,5.631847334883403,Active,1,,Cc1ccc(N(Cc2cccc(Cl)c2)C(=O)Cn2nnc3ccccc32)cc1
0.522106063668248,6.282241262923419,Active,1,,O=C(Oc1cncc2ccccc12)C1CCOc2ccc(Cl)cc21
7.23905298331297,5.140318244717559,Active,1,,O=C(CCl)N1CCCN(S(=O)(=O)c2cccs2)CC1
2.20227890245608,5.657127681673306,Active,1,,COCCc1ccc(Cl)cc1CN1CCN(C(=O)CCl)CC1
3.21638505121816,5.492631965020244,Active,1,,CCNc1ncc(C#N)cc1CN1CCN(C(=O)CCl)CC1
1.17209011887828,5.931038995291562,Active,1,,N#Cc1cccc(C2CN(C(=O)CCl)Cc3ccccc32)c1
2.21075598893942,5.655459189807201,Active,1,,CN1CCN(c2cncc3ccccc23)C(=O)C1c1cccc(Cl)c1
0.760691933732224,6.11879118891674,Active,1,,NC(=O)c1cc2c(NC(=O)C3CCOc4ccc(Cl)cc43)cncc2s1
0.838226524390246,6.076638600703246,Active,1,,O=C(Nc1cncc2cc(Cl)ccc12)C1CCS(=O)(=O)c2ccc(Cl)cc21
0.310304857188634,6.508211426369712,Active,1,,O=C(Nc1cncc2ccccc12)C1CN(S(=O)(=O)C2CC2)Cc2ccc(Cl)cc21
0.383156304505084,6.416624024109009,Active,1,,CC(=O)N1Cc2ccc(Cl)cc2C(C(=O)Nc2cncc3ccccc23)C1
3.00283699538179,5.522468242202483,Active,1,,CN1CCc2ccc(Cl)cc2C1C(=O)Nc1cncc2ccccc12
9.8377132482285,5.007105840500716,Active,1,,O=C(CC1(C(=O)Nc2cncc3ccccc23)CCOc2ccc(Cl)cc21)N1CCOCC1CC(F)F
3.37560319571068,5.471648610636902,Active,1,,CC(NC(=O)CN)(C(=O)Nc1cncc2ccccc12)c1ccc(Cl)c(Cl)c1
0.28681596928638,6.542396671763379,Active,1,,CN(C)c1ccc(N(Cc2cccc(Cl)c2)C(=O)Cc2cncc3ccccc23)nc1
6.04725234461936,5.218441908425788,Active,1,,O=C(Cc1cncc2ccccc12)N1CCOc2ccc(Cl)cc21
1.83352979729621,5.736712027783462,Active,1,,O=C(Nc1cncc2cc(CN3CCNCC3)ccc12)C1CCOc2ccc(Cl)cc21
0.207981019018527,6.6819762982663695,Active,1,,O=C1NCC(C(=O)Nc2cncc3ccccc23)c2cc(Cl)ccc21
5.0407871491875,5.297501640567201,Active,1,,O=C(Cc1cc(Cl)cc(Cc2ccn[nH]2)c1)Nc1cncc2ccccc12
4.32892722638383,5.363619715052074,Active,1,,CNc1ccc(N(Cc2ccsc2)C(=O)Cn2nnc3ccccc32)cc1
3.16662505907624,5.499403355767333,Active,1,,CC(C)(C(N)=O)c1ccc(N(Cc2ccsc2)C(=O)Cn2nnc3ccccc32)cc1
6.19210917827055,5.208161394847381,Active,1,,O=C(CCl)N1CCN(Cc2cccs2)CC1
8.46159387152077,5.072547823201157,Active,1,,Cc1cc(C)c(C)c(S(=O)(=O)N2CCN(C(=O)c3cc(=O)[nH]c4ccccc34)CC2)c1C
9.47085647607591,5.023610744754453,Active,1,,O=C1COc2ncc(CNCC3(C(=O)Nc4cncc5ccccc45)CCOc4ccc(Cl)cc43)cc2N1
0.572747205981189,6.24203702074164,Active,1,,COC(=O)NCC1(C(=O)Nc2cncc3ccccc23)CCOc2ccc(Cl)cc21
8.4380376434761,5.073758541490582,Active,1,,O=C(Cc1cccc(Cl)c1)Nc1c(O)cnc2ccccc12
9.4567372395224,5.024258677899405,Active,1,,CC(C)(C)c1ccc(N(C(=O)c2cocn2)C(C(=O)N2CCC(c3cccc(F)c3)CC2)c2cccnc2)cc1
0.250095010756057,6.601894972094873,Active,1,,NC(=O)N1Cc2ccc(Cl)cc2C(C(=O)Nc2cncc3ccccc23)C1
0.196068019126114,6.7075932388142565,Active,1,,O=C1CC(C(=O)Nc2cncc3ccccc23)c2cc(Cl)c(Cl)cc2N1
6.82414126439963,5.165951991554154,Active,1,,COC(=O)C1CC(NC(=O)C(c2cccnc2)N(C(=O)c2cocn2)c2ccc(C(C)(C)C)cc2)CN1C(=O)OC(C)(C)C
2.78593776777608,5.555028589065431,Active,1,,CC1CN(S(C)(=O)=O)CCC1NC(=O)CC1(C(=O)Nc2cncc3ccccc23)CCOc2ccc(Cl)cc21
0.667371124689378,6.175632588000909,Active,1,,CC(=O)Nc1ccc(N(Cc2cccc(Cl)c2)C(=O)Cc2cncc3ccccc23)cn1
5.29593810074718,5.276057099599519,Active,1,,O=C(Cc1cc(Cl)cc(-c2nnc[nH]2)c1)Nc1cncc2ccccc12
4.85167897949968,5.314107942769227,Active,1,,CN(C)c1ccc(N(Cc2cscn2)C(=O)Cn2nnc3ccccc32)cc1
2.71702061388963,5.5659070666006745,Active,1,,NS(=O)(=O)CCc1ccccc1CN1CCN(C(=O)CCl)CC1
0.227853691950513,6.642343930080236,Active,1,,Cc1cc2c(NC(=O)C3CCOc4ccc(Cl)cc43)cncc2s1
0.139154191323607,6.856503708185123,Active,1,,CN(C)S(=O)(=O)N1Cc2ccc(Cl)cc2C(C(=O)Nc2cncc3ccccc23)C1
3.80185679998582,5.420004245215759,Active,1,,CC(C)(C)c1ccc(N(C(=O)CCC#N)C(C(=O)NCCc2cccc(F)c2)c2cccnc2)cc1
0.697609864197038,6.156387387112108,Active,1,,CC(C)CC1CN(C(=O)CCl)CCN1Cc1cccc(Cl)c1
1.12598827555955,5.948466131586183,Active,1,,O=C(Nc1cncc2ccccc12)C1NCCc2ccc(Cl)cc21
3.38945840285013,5.469869691603633,Active,1,,CC(C)(C)OC(=O)NCCCNC(=O)C(c1cccnc1)N(C(=O)c1cocn1)c1ccc(C(C)(C)C)cc1
2.76689975514448,5.55800657507525,Active,1,,CC(C)(C)c1ccc(N(C(=O)c2cocn2)C(C(=O)NC2CCOC2)c2cccnc2)cc1
3.03560472236294,5.5177547802313684,Active,1,,O=C1CC(C(=O)Nc2cncc3ccccc23)c2cc(Cl)cc(Cl)c2N1
4.27381043283066,5.36918474511098,Active,1,,CN(C)C(C(=O)Nc1cncc2ccccc12)c1ccc(Cl)c(Cl)c1
2.54297041267788,5.594658692787516,Active,1,,CN(C)C(=O)CN1CCC(C(=O)Nc2cncc3ccccc23)c2cc(Cl)ccc21
3.64673511092023,5.438095781529556,Active,1,,O=C(Cn1nnc2ccccc21)N(Cc1cccc(Cl)c1)c1ccc(N2CCCCC2)cc1
0.496758543375736,6.303854655050491,Active,1,,CN(C)c1ccc(N(Cc2cccc(Cl)c2)C(=O)Cn2nnc3ccccc32)cc1
8.03394500289595,5.0950711455967,Active,1,,O=C(Cc1cccc(Cl)c1)Nc1cnc2ccccn12
8.30346802415843,5.080740482421092,Active,1,,O=C(Cc1cccc(Cl)c1)Nn1cnc2ccccc21
1.72928684187168,5.76213296305357,Active,1,,CNS(=O)(=O)c1cc(CNCC2(C(=O)Nc3cncc4ccccc34)CCOc3ccc(Cl)cc32)ccc1F
0.651546346548054,6.186054686115368,Active,1,,CN(C)C(=O)COCC1(C(=O)Nc2cncc3ccccc23)CCOc2ccc(Cl)cc21
2.72507532764904,5.564621488275354,Active,1,,CN(C)S(=O)(=O)NCC1(C(=O)Nc2cncc3ccccc23)CCOc2ccc(Cl)cc21
1.49602478359548,5.825061211759255,Active,1,,Cn1ncc2cncc(NC(=O)Cc3cccc(Cl)c3)c21
8.43107840746623,5.074116871821547,Active,1,,COc1ncncc1C(C(=O)NCCc1cccc(F)c1)N(C(=O)c1cocn1)c1ccc(C(C)(C)C)cc1
3.89570998742511,5.4094133812464475,Active,1,,CC(C)(C)c1ccc(N(C(=O)c2cocn2)C(C(=O)NC2CCOCC2)c2cccnc2)cc1
5.41667910396544,5.266266892215103,Active,1,,CC(C)(C)c1ccc(N(C(=O)c2cocn2)C(C(=O)NCC2CCOC2)c2cccnc2)cc1
2.34702891021265,5.6294815608196025,Active,1,,CC(C)(C)c1ccc(N(C(=O)c2cocn2)C(C(=O)NC2CC(F)(F)C2)c2cccnc2)cc1
3.03275830744667,5.518162198962229,Active,1,,NC(=O)c1ccc(OCC(=O)NC(C(=O)Nc2cncc3ccccc23)c2cccc(Cl)c2)cc1
4.05456669711331,5.39205555109711,Active,1,,CC(=O)NC(C(=O)Nc1cncc2ccccc12)c1ccc(Cl)c(Cl)c1
8.83280229436638,5.053901490317837,Active,1,,COCC(=O)NC(C)(C(=O)Nc1cncc2ccccc12)c1ccc(Cl)c(Cl)c1
1.07978912575273,5.966661050498193,Active,1,,COC(C(=O)Nc1cncc2ccccc12)c1ccc(Cl)c(Cl)c1
1.17054937449855,5.931610262770415,Active,1,,CC(C)(C)c1ccc(N(C(=O)c2c[nH]nn2)C(C(=O)NCCc2cccc(F)c2)c2cccnc2)cc1
0.563812212178669,6.2488655215393205,Active,1,,COCCN1CCC(C(=O)Nc2cncc3ccccc23)c2cc(Cl)ccc21
1.9293414590257,5.7145909031766395,Active,1,,O=C(NCCc1cccc(F)c1)C(c1cccnc1)N(Cc1ccccc1C1CCC1)C(=O)c1ccco1
8.95275099425365,5.048043494511387,Active,1,,Cc1ccncc1NC(=O)Cc1cc(Cl)cc(-c2ccc(C3(C)CCO3)cc2)c1
1.33689973416716,5.8739011630677025,Active,1,,O=C(Cc1cc(Cl)cc(Oc2cccnc2)c1)Nc1cncc2ccccc12
4.7737546475135,5.321139905808782,Active,1,,COCc1cc(Cl)cc(CN2CCN(C(=O)CCl)CC2)c1
3.05667196423036,5.514751166366755,Active,1,,O=C(Nc1cccnc1)N(CCC1CCCCC1)c1cccc(Cl)c1
0.642464753438547,6.192150693377259,Active,1,,CS(=O)(=O)N1Cc2ccc(Cl)cc2C(C(=O)Nc2cncc3c2CCCC3)C1
1.55332657748015,5.808737226894129,Active,1,,O=C(Cc1cc(Cl)cc(OC(F)(F)F)c1)Nc1cncc2ccccc12
7.27966980064704,5.137888319451963,Active,1,,O=C(CC1(C(=O)Nc2cncc3ccccc23)CCOc2ccc(Cl)cc21)N1CCN(CC(F)(F)CO)CC1
6.25541459753454,5.203743900766022,Active,1,,CC(C)(C)OC(=O)NCCNC(=O)C(c1cccnc1)N(C(=O)c1cocn1)c1ccc(C(C)(C)C)cc1
6.23948403882958,5.204851321912738,Active,1,,CCOC(=O)CCCNC(=O)C(c1cccnc1)N(C(=O)c1cocn1)c1ccc(C(C)(C)C)cc1
6.39276301355131,5.194311395020952,Active,1,,CN1CC2CC1CN2C(=O)CC1(C(=O)Nc2cncc3ccccc23)CCOc2ccc(Cl)cc21
3.38190749273318,5.470838276083333,Active,1,,NC(C(=O)Nc1cncc2ccccc12)c1ccc(Cl)c(Cl)c1
4.64232455215391,5.333264500613759,Active,1,,CC(NC(=O)Cc1ccc(-n2cnnn2)cc1)(C(=O)Nc1cncc2ccccc12)c1ccc(Cl)c(Cl)c1
0.445777049061976,6.350882295035508,Active,1,,O=C1CC(C(=O)Nc2cncc3ccccc23)c2cc(Cl)ccc2N1
0.998370717309451,6.000708165539677,Active,1,,NC(=O)N1CCC(C(=O)Nc2cncc3ccccc23)c2cc(Cl)ccc21
0.873922371600277,6.05852714297537,Active,1,,COc1ccc(Cl)cc1OCCNC(=O)c1cc(=O)[nH]c2cccc(OC)c12
9.18999391075753,5.036684776375073,Active,1,,O=C(c1cncc2ccccc12)N1CCN(c2cccc(Cl)c2)C(=O)C1
5.33429769001942,5.272922751389826,Active,1,,CC(C)(C)c1ccc(N(C(=O)c2ccco2)C(C(=O)NCCc2cccc(F)c2)c2snc3ccccc23)cc1
5.2855279530574,5.276911626020168,Active,1,,CC(C)(C)c1ccc(N(C(=O)c2ncc[nH]2)C(C(=O)NCCc2cccc(F)c2)c2cccnc2)cc1
1.44887030485255,5.8389704885162566,Active,1,,O=C(Cc1cc(Cl)cc2c1OCC2)Nc1cncc2ccccc12
5.80242437708152,5.236390510989273,Active,1,,O=C(Cc1cccc(Cl)c1)Nn1nnc2ccccc21
5.32026186317774,5.274066991213547,Active,1,,O=C(Cn1nnc2ccccc21)N(Cc1ccsc1)c1ccc(-c2ccccc2)cc1
1.63084331612158,5.787587761959426,Active,1,,O=C(CCl)N1CCN(S(=O)(=O)c2ccsc2)CC1
3.49772002955534,5.456214956002374,Active,1,,O=C(CCl)N1CCN(Cc2ccsc2)CC1
1.9753874756434,5.704347704073642,Active,1,,O=C(CCl)N1CCN(C(c2ccccc2)c2ccccc2)CC1
4.94545200121466,5.305794008887359,Active,1,,Nc1cncc(NC(=O)C2CCOc3ccc(Cl)cc32)c1C1CC1
2.07787703379569,5.682380157031074,Active,1,,COC1(c2cccc(Cl)c2)CCCN(c2cncc3ccccc23)C1=O
1.55100647821834,5.8093863882285595,Active,1,,CS(=O)(=O)c1ccc2cncc(NC(=O)C3CCOc4cc(F)c(Cl)cc43)c2c1
1.82484779688296,5.738773352429637,Active,1,,CNC(=O)COCC1(C(=O)Nc2cncc3ccccc23)CCOc2ccc(Cl)cc21
9.1277913374704,5.03963429650625,Active,1,,CC(=O)NC(C(=O)Nc1cncc2ccccc12)c1cccc(Cl)c1
2.05437972060318,5.687319280640838,Active,1,,CC(C)(C)c1ccc(N(C(=O)c2cocn2)C(C(=O)NCCc2cccc(F)c2)c2ccnnc2)cc1
3.90415236889759,5.408473241292195,Active,1,,CN(Cc1cccc2ccccc12)c1cc(Cl)cc(CC(=O)Nc2cncc3ccccc23)c1
4.07098207587998,5.390300809770822,Active,1,,CC(C)(C)c1ccc(N(C(=O)c2cocn2)C(C(=O)NC2COC2)c2cccnc2)cc1
5.26495725055596,5.278605150769668,Active,1,,COC(=O)C1(NC(=O)C(c2cccnc2)N(C(=O)c2cocn2)c2ccc(C(C)(C)C)cc2)CCCC1
5.36624908419565,5.270329172629217,Active,1,,COc1ccc(NC(=O)C(c2cccnc2)N(C(=O)c2cocn2)c2ccc(C(C)(C)C)cc2)cn1
1.66846104269527,5.7776839293388225,Active,1,,O=C(CC1(C(=O)Nc2cncc3ccccc23)CCOc2ccc(Cl)cc21)N1CCC2CS(=O)(=O)CC2C1
6.95899371078913,5.157453555999712,Active,1,,CCOc1c(Cl)cccc1CC(=O)Nc1cncc2ccccc12
0.402512793338854,6.3952203115987905,Active,1,,CC(C)(C)c1ccc(N(C(=O)c2ccco2)C(C(=O)NCCc2cccc(F)c2)c2cncc3ccccc23)cc1
0.233267258722188,6.632146214288752,Active,1,,O=C(Nc1cncc2ccccc12)C1=CCCc2ccc(Cl)cc21
4.56705471277886,5.340363785564968,Active,1,,O=C(Cc1cc(Cl)cc(CC2CC(=O)N2)c1)Nc1cncc2ccccc12
8.4388464044622,5.0737169176419235,Active,1,,Cc1ccncc1NC(=O)Cc1cc(Cl)cc(-c2ccc(C3CC3(F)F)cc2)c1
1.62763709078255,5.78844242195303,Active,1,,CCC(=O)Nc1ccc(N(Cc2ccsc2)C(=O)Cn2nnc3ccccc32)cc1
0.465749846113937,6.33184727992475,Active,1,,CC(NC(=O)CCl)c1cc(Cl)cc(-c2ccc(S(N)(=O)=O)cc2)c1
2.00412456854575,5.698075287919213,Active,1,,Cc1cccc(C2CN(C(=O)CCl)Cc3ccccc32)c1
1.94485628819395,5.711112484595473,Active,1,,NS(=O)(=O)c1ccc(CNCC2(C(=O)Nc3cncc4ccccc34)CCOc3ccc(Cl)cc32)cc1F
1.21141049355378,5.916708668684303,Active,1,,CC(C)(C)c1ccc(N(C(=O)c2cocn2)C(C(=O)NCCc2cccc(F)c2)c2cnccn2)cc1
4.65961836226082,5.331649651969114,Active,1,,O=C(CC1(C(=O)Nc2cncc3ccccc23)CCOc2ccc(Cl)cc21)N1CCC2C1CCCN2CCO
8.7864354707462,5.056187276161136,Active,1,,COCCCNC(=O)C(c1cccnc1)N(C(=O)c1cocn1)c1ccc(C(C)(C)C)cc1
5.87854334094103,5.2307302755163745,Active,1,,CCOC(=O)c1ncoc1CNC(=O)C(c1cccnc1)N(C(=O)c1cocn1)c1ccc(C(C)(C)C)cc1
1.08803584514067,5.963356796650374,Active,1,,O=C(Nc1cncc2ccccc12)C1(CO)CCOc2ccc(Cl)cc21
2.62182402613532,5.5813964610224005,Active,1,,CC(C(N)=O)c1cc(Cl)cc(CC(=O)Nc2cncc3ccccc23)c1
4.57134210135622,5.33995627659476,Active,1,,O=C(c1cc(=O)[nH]c2ccccc12)N1CCN(Cc2cccc(Cl)c2)CC1
2.11245923161491,5.675211663753668,Active,1,,O=C(Cc1cncc2ccccc12)N(CCC1CCCCC1)c1cccc(Cl)c1
8.81277149592399,5.054887490441349,Active,1,,O=C(CCl)N1CCCN(S(=O)(=O)Cc2ccccc2)CC1
2.43021833932267,5.614354706112284,Active,1,,NS(=O)(=O)c1ccc(CNCC2(C(=O)Nc3cncc4ccccc34)CCOc3ccc(Cl)cc32)cc1
0.60265376063985,6.21993212903869,Active,1,,CN(C)C(=O)CNCC1(C(=O)Nc2cncc3ccccc23)CCOc2ccc(Cl)cc21
6.42982845722389,5.191800613557095,Active,1,,O=C(Nc1cncc2ccccc12)C1CCOc2c(OCc3ccccn3)cc(Cl)cc21
3.14003036075453,5.503066152740666,Active,1,,O=C(Nc1cncc2ccccc12)C1CCOc2c(OCCC(F)(F)F)cc(Cl)cc21
0.65281998670917,6.185206557709116,Active,1,,Cc1ccncc1C(C(=O)NCCc1cccc(F)c1)N(C(=O)c1cocn1)c1ccc(C(C)(C)C)cc1
2.92175055279495,5.534356865119411,Active,1,,CC(C)(C)c1ccc(N(C(=O)c2cocn2)C(C(=O)NCCc2cccc(F)c2)c2cncnc2)cc1
9.98099826455137,5.000826019924572,Active,1,,O=C(CC1(C(=O)Nc2cncc3ccccc23)CCOc2ccc(Cl)cc21)N1CCN(CCCO)CC1
1.49022641756023,5.826747742039667,Active,1,,O=C(Nc1cncc2ccccc12)C(F)(F)c1ccc(Cl)c(Cl)c1
0.803102297570765,6.095229131631846,Active,1,,N#CC(C(=O)Nc1cncc2ccccc12)c1ccc(Cl)c(Cl)c1
0.314847770015297,6.50189937834566,Active,1,,CC(C)(C)c1ccc(N(C(=O)c2ccc(Cl)o2)C(C(=O)NCCc2cccc(F)c2)c2cccnc2)cc1
3.6098563119233,5.4425100845710075,Active,1,,Cc1ccncc1NC(=O)Cc1cc(Cl)cc(OC2CC(=O)N2)c1
4.22233976382304,5.374446822753493,Active,1,,Cc1c(N)cncc1NC(=O)Cc1cccc(Cl)c1
2.10357043346894,5.677042941999827,Active,1,,O=C(Cc1cccc(Cl)c1)Nc1cncc2cn[nH]c12
2.6465031149685,5.577327590502173,Active,1,,CCCc1cc(Cl)cc(CC(=O)Nc2cncc3ccccc23)c1
5.004723825266,5.300619883114193,Active,1,,CN(C)CC(=O)NCC1(C(=O)Nc2cncc3ccccc23)CCOc2ccc(Cl)cc21
2.44714263574268,5.611340716340641,Active,1,,CSCCNC(=O)C(c1cccnc1)N(C(=O)c1cocn1)c1ccc(C(C)(C)C)cc1
7.90861988684175,5.101899297516702,Active,1,,COC(CNC(=O)C(c1cccnc1)N(C(=O)c1cocn1)c1ccc(C(C)(C)C)cc1)OC
9.33416719234576,5.029924424356918,Active,1,,O=C(Cn1cc(Cl)c(=O)[nH]c1=O)NC(C(=O)Nc1cncc2ccccc12)c1cccc(Cl)c1
6.17715614429733,5.209211420558108,Active,1,,CC1CN(C)CCN1C(=O)CC1(C(=O)Nc2cncc3ccccc23)CCOc2ccc(Cl)cc21
0.998146775467744,6.00080559189019,Active,1,,O=C(Cc1cncc(Cl)c1)Nc1cncc2ccccc12
4.68428775682128,5.329356433975202,Active,1,,COc1cccc2[nH]c(=O)cc(C(=O)N3CCN(c4cccc(Cl)c4)CC3)c12
5.16341400207183,5.287063051864074,Active,1,,O=C(Cc1cccc(Cl)c1)Nc1cncc2c1CCC2
3.39726824812966,5.468870159905655,Active,1,,O=C(Cc1cc(Cl)ccn1)Nc1cncc2ccccc12
6.56136227397528,5.183005982781509,Active,1,,O=C(Cn1nnc2ccccc21)N(Cc1ccsc1)c1ccc(N2CCCCC2)cc1
7.01875264650223,5.153740062638655,Active,1,,O=C(Cc1cccc(Cl)c1)Nc1cncc2cccnc12
4.60620593726261,5.336656649216462,Active,1,,N#Cc1cc(CN2CCN(C(=O)CCl)CC2)c2ccccc2c1
0.427099623688083,6.36947081122422,Active,1,,CS(=O)(=O)c1ccc2c(NC(=O)C3CCOc4ccc(Cl)cc43)cncc2c1
5.63296261751072,5.24926313089898,Active,1,,CCCOc1cc(Cl)cc2c1OCCC2C(=O)Nc1cncc2ccccc12
1.84702645209317,5.733526884789408,Active,1,,O=C(Cc1ccc(Cl)c(Cl)c1)Nc1cncc2cnccc12
1.78522012750902,5.748308225339897,Active,1,,O=C(Cc1ccc(Cl)c(Cl)c1)Nc1cncc2ccncc12
0.430707834683473,6.365817228240063,Active,1,,N#Cc1cc(Cl)cc(CC(=O)Nc2cncc3ccccc23)c1
3.31392840302894,5.479656878688361,Active,1,,O=C(Nc1cncc2ccccc12)C1CCOc2c1ccc(Cl)c2Cl
0.175653078506604,6.755344234333586,Active,1,,O=C(Nc1cncc2ccc(O)cc12)C1CCOc2ccc(Cl)cc21
3.7997194894517,5.420248463562112,Active,1,,O=C(c1cc(=O)[nH]c2ccccc12)N1CCN(c2cccc(C(F)(F)F)c2)CC1
7.27197662949492,5.138347525509095,Active,1,,O=C(Cc1cccc(Cl)c1)Nc1cncc2c1CCCN2
3.66880944274428,5.4354748448299945,Active,1,,Cc1c(Cl)ccc2c1C(C(=O)Nc1cncc3ccccc13)CCO2
0.897800405241959,6.046820202905955,Active,1,,COc1ccc2cncc(NC(=O)Cc3cccc(Cl)c3)c2c1
3.14421479946325,5.50248779245608,Active,1,,CC(C)(C)NC(=O)C(c1cccnc1)N(C(=O)c1ccco1)c1ccc(C(C)(C)C)cc1
2.53626723269054,5.595804989130806,Active,1,,O=C(CCl)N1CCN(Cc2cccc(Cl)c2)CC1
1.88943429591092,5.723668205847767,Active,1,,O=C(CCl)N1CCN(Cc2cc(Cl)cc(Cl)c2)CC1
3.3816932125992,5.470865794171362,Active,1,,Cc1c(N)cncc1NC(=O)C1CCOc2ccc(Cl)cc21
0.609229242009784,6.215219259409037,Active,1,,CC(C)Oc1ccc(N(C(=O)c2cocn2)C(C(=O)NCCc2cccc(F)c2)c2cccnc2)cc1
1.09296002954038,5.961395720271216,Active,1,,Cc1ccc(CC(=O)Nc2cncc3ccccc23)cc1Cl
0.991406537761962,6.003748221496449,Active,1,,O=C(Nc1cncc2ccncc12)C1CCOc2ccc(Cl)cc21
2.7500508472819,5.560659276173446,Active,1,,N#Cc1ccc2cncc(NC(=O)C3CCOc4ccc(Cl)cc43)c2c1
3.09876271931265,5.508811677596946,Active,1,,O=C(Nc1cncc2cnccc12)C1CCOc2ccc(Cl)cc21
3.70094298650442,5.4316876052148695,Active,1,,O=C(Cn1nnc2ccccc21)N(Cc1cccc(Cl)c1)c1ccc(N2CCOCC2)cc1
0.291719378179007,6.53503472083821,Active,1,,CC(C)(C)c1ccc(N(C(=O)c2c[nH]cn2)C(C(=O)NCCc2cccc(F)c2)c2cccnc2)cc1
2.02891778482379,5.692735550956192,Active,1,,COc1ccccc1OCCNC(=O)c1cc(=O)[nH]c2cccc(OC)c12
7.23400398630335,5.140621256256031,Active,1,,COc1ccccc1OCCNC(=O)c1cc(=O)[nH]c2ccccc12
3.79513106116713,5.420773221571177,Active,1,,O=C(CCl)N1CCN(Cc2cc(Cl)ccc2CNC(=O)N2CCOCC2)CC1
3.57437118025072,5.446800350217501,Active,1,,Cc1cc(Cl)cc(CC2CCN(C(=O)CCl)CC2)c1
5.79828926708995,5.236700122205021,Active,1,,C#CCCCC(=O)NC(CC)C(=O)NC(C(=O)NC(CC(C)C)C(=O)NC(CCC(=O)N(C)C)C(=O)COC(=O)c1c(C)cccc1C)C(C)(C)C
9.52684659761198,5.021050827786187,Active,1,,CCOC(=O)CNC(=O)C(c1cccnc1)N(C(=O)c1cocn1)c1ccc(C(C)(C)C)cc1
0.22617491666093,6.645555561036488,Active,1,,COc1ccc2cncc(NC(=O)C3CCOc4ccc(Cl)cc43)c2c1
0.265498741707095,6.5759375328535485,Active,1,,O=C(Nc1cncc2ccccc12)C1CCOc2c(Cl)cc(Cl)cc21
0.331374883454707,6.47968041200117,Active,1,,Cc1cccc2cncc(NC(=O)Cc3cccc(Cl)c3)c12
7.47776972047852,5.126227913167538,Active,1,,C=CC(=O)N(c1ccc(C(C)(C)C)cc1)C(C(=O)NCCc1cccc(F)c1)c1cncc(C#N)c1
7.1736359117104,5.144260669135888,Active,1,,O=C(Cc1cccc(Cl)c1)Nc1cnccc1C1CC1
0.537082079670846,6.269959338091644,Active,1,,Cc1ccc2cncc(NC(=O)Cc3cccc(Cl)c3)c2c1
4.25798681811551,5.370795687385379,Active,1,,CC(C)(C)c1ccc(N(C(=O)c2ccon2)C(C(=O)NCCc2cccc(F)c2)c2cccnc2)cc1
0.891433945146303,6.049910832321822,Active,1,,CC(C)(C)c1ccc(N(C(=O)c2cscn2)C(C(=O)NCCc2cccc(F)c2)c2cccnc2)cc1
1.82792177130736,5.738042394497438,Active,1,,N#Cc1cccc(CC(=O)Nc2cncc3ccccc23)c1
0.382677109410519,6.417167515183446,Active,1,,O=C(Cc1cc(F)cc(Cl)c1)Nc1cncc2ccccc12
0.569448403287913,6.244545620456689,Active,1,,O=C(Cc1cc(F)cc(F)c1)Nc1cncc2ccccc12
0.800298769007714,6.096747851122495,Active,1,,CC(C)(C)c1ccc(N(C(=O)c2nccs2)C(C(=O)NCCc2cccc(F)c2)c2cccnc2)cc1
0.556690293129698,6.254386351311998,Active,1,,CC(C)(C)c1ccc(N(C(=O)c2cocn2)C(C(=O)NCCc2cccc(F)c2)c2cccnc2)cc1
4.2732635771199,5.369240318847122,Active,1,,O=C(Cc1cccc(Cl)c1)Nc1cncc2ccncc12
7.94165822521731,5.100088807034921,Active,1,,O=C(Cc1cccc(Cl)c1)Nc1cncc2cnccc12
0.637897638524396,6.195249005590129,Active,1,,CC(=O)N1CCN(CC(=O)Nc2cnccc2C)CC1
0.889561825883844,6.050823862411882,Active,1,,O=C(Cc1cccc(Cl)c1)Nc1cncc2c(F)cccc12
0.424567009737814,6.372053754977971,Active,1,,O=C(Cc1cccc(Cl)c1)Nc1cncc2sccc12
2.02941008277956,5.692630186237683,Active,1,,O=C(Cc1ccc(Cl)c(F)c1)Nc1cncc2ccccc12
1.71491545242956,5.7657572863783075,Active,1,,O=C(Cc1cc(F)ccc1F)Nc1cncc2ccccc12
1.44540110056934,5.840011618933767,Active,1,,O=C1C(c2ccc(Cl)c(Cl)c2)CCCN1c1cncc2ccccc12
1.30603210828413,5.884046145971197,Active,1,,O=C(Cc1cccc(Cl)c1)Nc1cncc2cccc(F)c12
4.36168240740624,5.360345960429127,Active,1,,CC(C)(C)c1ccc(N(C(=O)c2ccco2)C(C(=O)NCc2ccccc2)c2cccnc2)cc1
0.706793757909663,6.150707294645408,Active,1,,O=C(Cc1cc(Cl)ccc1F)Nc1cncc2ccccc12
1.55667685318596,5.807801532225513,Active,1,,O=C(CCl)N1CCN(S(=O)(=O)c2ccccc2)CC1
1.46738083505272,5.833457157392362,Active,1,,O=C(Cc1cccc(Cl)c1)Nc1cncc2cc(F)ccc12
1.85180343942006,5.732405113607449,Active,1,,O=C(Cc1cccc(F)c1)Nc1cncc2ccccc12
4.80453544611295,5.318348598202138,Active,1,,Cc1cccc(CC(=O)Nc2cncc3ccccc23)c1
6.94412891051118,5.158382225532599,Active,1,,O=C(Cc1cccc(C(F)(F)F)c1)Nc1cncc2ccccc12
1.14150135208733,5.942523569759625,Active,1,,O=C1C(c2cccc(Cl)c2)CCCN1c1cncc2ccccc12
0.728189436932629,6.137755625203151,Active,1,,O=C(Cc1cccc(Cl)c1)Nc1cncc2ccccc12
7.54962952699048,5.122074359408075,Active,1,,COc1cccc(N2CCN(C(=O)c3cc(=O)[nH]c4ccccc34)CC2)c1
3.66642897542784,5.4357567235631015,Active,1,,O=C(CCl)N1CCN(S(=O)(=O)c2cccc(F)c2)CC1
2.39410169325544,5.620857406192897,Active,1,,O=C(Nc1cncc2ccccc12)C12CCC(O1)c1cc(Cl)ccc12
8.41055112093491,5.075175545113053,Active,1,,CC(C)(C)c1ccc(N(C(=O)c2cnon2)C(C(=O)NCCc2cccc(F)c2)c2cccnc2)cc1
0.206559697735313,6.68495441059267,Active,1,,O=C(Nc1cncc2ccccc12)C1CCSc2ccc(Cl)cc21
4.97035722145545,5.303612397236119,Active,1,,O=C(Cc1ccc(F)cc1)Nc1cncc2ccccc12
2.18774292479817,5.660003712000831,Active,1,,CC(C)(C)c1ccc(N(C(=O)c2ccco2)C(C(=O)NCCN2CCOCC2)c2cccnc2)cc1
0.850902886213773,6.070120003238752,Active,1,,O=C(Nc1cncc2ccccc12)C1CCOc2ccc(Br)cc21
